"","Accession","fp_only_abs_sum","Gene_Symbol","comparison","Abundance_Ratio_log2_","selected_pvalues"
"1","P00813",18.34,"ADA","PC_C391_E1_20x__PC_C391_F",-2.44,0.00407069658595738
"2","P00813",18.34,"ADA","PC_C391_E10_20x__PC_C391_F",-1.43,0.0817184732122248
"3","P00813",18.34,"ADA","PC_C391_E4_20x__PC_C391_F",-1.77,0.0278190258697988
"4","P00813",18.34,"ADA","PC_C391_E6_20x__PC_C391_F",-3.86,0.00016928379791936
"5","P00813",18.34,"ADA","PC_C391_E8_20x__PC_C391_F",-1.62,0.0443937576171477
"6","P00813",18.34,"ADA","PC_C391_E9_20x__PC_C391_F",-1.98,0.0149358591132248
"7","P00813",18.34,"ADA","PC_C391_F__CRF",5.24,1.71978469892808e-05
"8","P00813",18.34,"ADA","screen_C391_F__CRF",5.6,1.111e-05
"9","P07099",17.05,"EPHX1","PC_C391_E1_20x__PC_C391_F",-1.77,0.00708576667080429
"10","P07099",17.05,"EPHX1","PC_C391_E10_20x__PC_C391_F",-2.09,0.0024419542651396
"11","P07099",17.05,"EPHX1","PC_C391_E4_20x__PC_C391_F",-2.07,0.00259252624124473
"12","P07099",17.05,"EPHX1","PC_C391_E6_20x__PC_C391_F",-2.63,0.00050002398907433
"13","P07099",17.05,"EPHX1","PC_C391_E8_20x__PC_C391_F",-2.13,0.00214014892428926
"14","P07099",17.05,"EPHX1","PC_C391_E9_20x__PC_C391_F",-2.39,0.00099018847278087
"15","P07099",17.05,"EPHX1","PC_C391_F__CRF",3.97,2.43621125081139e-05
"16","P07099",17.05,"EPHX1","screen_C391_F__CRF",4.76,6.6e-07
"17","Q00536",16.92,"CDK16","PC_C391_E1_20x__PC_C391_F",-2.27,0.00251842906728639
"18","Q00536",16.92,"CDK16","PC_C391_E10_20x__PC_C391_F",-1.91,0.00760623764986335
"19","Q00536",16.92,"CDK16","PC_C391_E4_20x__PC_C391_F",-2.08,0.00453910879192765
"20","Q00536",16.92,"CDK16","PC_C391_E6_20x__PC_C391_F",-3.08,0.00030100908029251
"21","Q00536",16.92,"CDK16","PC_C391_E8_20x__PC_C391_F",-2.16,0.00350561761106305
"22","Q00536",16.92,"CDK16","PC_C391_E9_20x__PC_C391_F",-1.1,0.137517819506724
"23","Q00536",16.92,"CDK16","PC_C391_F__CRF",4.32,2.47529191542695e-05
"24","Q00536",16.92,"CDK16","screen_C391_F__CRF",5.37,1.731e-05
"25","O75153",15.21,"CLUH","PC_C391_E1_20x__PC_C391_F",-2.39,0.00268658494051022
"26","O75153",15.21,"CLUH","PC_C391_E10_20x__PC_C391_F",-0.73,0.535973566013882
"27","O75153",15.21,"CLUH","PC_C391_E4_20x__PC_C391_F",-1.04,0.209711983801819
"28","O75153",15.21,"CLUH","PC_C391_E6_20x__PC_C391_F",-3.2,0.00035598071375664
"29","O75153",15.21,"CLUH","PC_C391_E8_20x__PC_C391_F",-1.75,0.018400338931837
"30","O75153",15.21,"CLUH","PC_C391_E9_20x__PC_C391_F",-1.88,0.0122791135737843
"31","O75153",15.21,"CLUH","PC_C391_F__CRF",4.22,4.67615830211932e-05
"32","O75153",15.21,"CLUH","screen_C391_F__CRF",4.45,1.7e-07
"33","Q9UMX5",14.92,"NENF","PC_C391_E1_20x__PC_C391_F",-1.42,0.307830952883648
"34","Q9UMX5",14.92,"NENF","PC_C391_E10_20x__PC_C391_F",-0.97,0.683528364494128
"35","Q9UMX5",14.92,"NENF","PC_C391_E4_20x__PC_C391_F",-1.69,0.173409835222081
"36","Q9UMX5",14.92,"NENF","PC_C391_E6_20x__PC_C391_F",-2.76,0.0164687851590682
"37","Q9UMX5",14.92,"NENF","PC_C391_E8_20x__PC_C391_F",-1.76,0.147812535004419
"38","Q9UMX5",14.92,"NENF","PC_C391_E9_20x__PC_C391_F",-1.7,0.171737817331851
"39","Q9UMX5",14.92,"NENF","PC_C391_F__CRF",4.62,0.00057471137090814
"40","Q9UMX5",14.92,"NENF","screen_C391_F__CRF",5.14,4.305e-05
"41","P24941",14.34,"CDK2","PC_C391_E1_20x__PC_C391_F",-1.79,0.00866684750931379
"42","P24941",14.34,"CDK2","PC_C391_E10_20x__PC_C391_F",-1.21,0.0739153414484336
"43","P24941",14.34,"CDK2","PC_C391_E4_20x__PC_C391_F",-1.66,0.0138398354897854
"44","P24941",14.34,"CDK2","PC_C391_E6_20x__PC_C391_F",-2.59,0.00075921109456866
"45","P24941",14.34,"CDK2","PC_C391_E8_20x__PC_C391_F",-1.87,0.00665167927019017
"46","P24941",14.34,"CDK2","PC_C391_E9_20x__PC_C391_F",-1.3,0.052321406293492
"47","P24941",14.34,"CDK2","PC_C391_F__CRF",3.92,3.74182129331269e-05
"48","P24941",14.34,"CDK2","screen_C391_F__CRF",5.05,7e-08
"49","O43772",14.29,"SLC25A20","PC_C391_E1_20x__PC_C391_F",-1.28,0.0637331360876868
"50","O43772",14.29,"SLC25A20","PC_C391_E10_20x__PC_C391_F",-0.93,0.236512050982812
"51","O43772",14.29,"SLC25A20","PC_C391_E4_20x__PC_C391_F",-2.17,0.00305622970281461
"52","O43772",14.29,"SLC25A20","PC_C391_E6_20x__PC_C391_F",-2.06,0.0043099433840299
"53","O43772",14.29,"SLC25A20","PC_C391_E8_20x__PC_C391_F",-0.82,0.349868831160217
"54","O43772",14.29,"SLC25A20","PC_C391_E9_20x__PC_C391_F",-2.21,0.0027396948214492
"55","O43772",14.29,"SLC25A20","PC_C391_F__CRF",4.82,9.70886954443362e-06
"56","O43772",14.29,"SLC25A20","screen_C391_F__CRF",4.85,1.745e-05
"57","Q6UW68",13.92,"TMEM205","PC_C391_E1_20x__PC_C391_F",-1.96,0.0112225950410905
"58","Q6UW68",13.92,"TMEM205","PC_C391_E10_20x__PC_C391_F",-1.21,0.131988663591219
"59","Q6UW68",13.92,"TMEM205","PC_C391_E4_20x__PC_C391_F",-1.82,0.0170517107232084
"60","Q6UW68",13.92,"TMEM205","PC_C391_E6_20x__PC_C391_F",-2.3,0.00411708516457465
"61","Q6UW68",13.92,"TMEM205","PC_C391_E8_20x__PC_C391_F",-1.58,0.038194116864765
"62","Q6UW68",13.92,"TMEM205","PC_C391_E9_20x__PC_C391_F",-1.35,0.0803781912840091
"63","Q6UW68",13.92,"TMEM205","PC_C391_F__CRF",3.7,0.00015105749111366
"64","Q6UW68",13.92,"TMEM205","screen_C391_F__CRF",3.98,1.09e-06
"65","P06493",13.88,"CDK1","PC_C391_E1_20x__PC_C391_F",-1.66,0.0163645141824169
"66","P06493",13.88,"CDK1","PC_C391_E10_20x__PC_C391_F",-1.11,0.121678558737301
"67","P06493",13.88,"CDK1","PC_C391_E4_20x__PC_C391_F",-1.68,0.0150233064060451
"68","P06493",13.88,"CDK1","PC_C391_E6_20x__PC_C391_F",-2.32,0.00198457393135476
"69","P06493",13.88,"CDK1","PC_C391_E8_20x__PC_C391_F",-1.76,0.0115223240259685
"70","P06493",13.88,"CDK1","PC_C391_E9_20x__PC_C391_F",-1.66,0.0160664771673205
"71","P06493",13.88,"CDK1","PC_C391_F__CRF",3.69,7.19917881124577e-05
"72","P06493",13.88,"CDK1","screen_C391_F__CRF",4.06,9e-07
"73","Q99595",13.43,"TIMM17A","PC_C391_E1_20x__PC_C391_F",-1.11,0.346514971468923
"74","Q99595",13.43,"TIMM17A","PC_C391_E10_20x__PC_C391_F",-0.78,0.688661172054043
"75","Q99595",13.43,"TIMM17A","PC_C391_E4_20x__PC_C391_F",-1.49,0.126290144449023
"76","Q99595",13.43,"TIMM17A","PC_C391_E6_20x__PC_C391_F",-1.92,0.0384868946925492
"77","Q99595",13.43,"TIMM17A","PC_C391_E8_20x__PC_C391_F",-1.19,0.28155328773659
"78","Q99595",13.43,"TIMM17A","PC_C391_E9_20x__PC_C391_F",-1.55,0.10722150666105
"79","Q99595",13.43,"TIMM17A","PC_C391_F__CRF",5.39,3.96808842165752e-05
"80","Q99595",13.43,"TIMM17A","screen_C391_F__CRF",5.93,NA
"81","Q9H6V9",13.31,"LDAH","PC_C391_E1_20x__PC_C391_F",-1.62,0.0166113537754169
"82","Q9H6V9",13.31,"LDAH","PC_C391_E10_20x__PC_C391_F",-0.85,0.300227501976969
"83","Q9H6V9",13.31,"LDAH","PC_C391_E4_20x__PC_C391_F",-1.69,0.0127484018510886
"84","Q9H6V9",13.31,"LDAH","PC_C391_E6_20x__PC_C391_F",-2.61,0.00075800467600761
"85","Q9H6V9",13.31,"LDAH","PC_C391_E8_20x__PC_C391_F",-0.93,0.224568443258751
"86","Q9H6V9",13.31,"LDAH","PC_C391_E9_20x__PC_C391_F",-0.98,0.185262748360758
"87","Q9H6V9",13.31,"LDAH","PC_C391_F__CRF",4.63,1.12126346359931e-05
"88","Q9H6V9",13.31,"LDAH","screen_C391_F__CRF",5.28,2.739e-05
"89","P22830",13.25,"FECH","PC_C391_E1_20x__PC_C391_F",-1.76,0.00450927369141951
"90","P22830",13.25,"FECH","PC_C391_E10_20x__PC_C391_F",-0.65,0.418203965434056
"91","P22830",13.25,"FECH","PC_C391_E4_20x__PC_C391_F",-1.28,0.0294691035835259
"92","P22830",13.25,"FECH","PC_C391_E6_20x__PC_C391_F",-2.27,0.00081829389767706
"93","P22830",13.25,"FECH","PC_C391_E8_20x__PC_C391_F",-0.8,0.236620626013157
"94","P22830",13.25,"FECH","PC_C391_E9_20x__PC_C391_F",-2.24,0.00087115061781262
"95","P22830",13.25,"FECH","PC_C391_F__CRF",4.25,7.98616927089046e-06
"96","P22830",13.25,"FECH","screen_C391_F__CRF",5.6,5.9e-07
"97","Q00537",13.13,"CDK17","PC_C391_E1_20x__PC_C391_F",-1.85,0.0030661057192356
"98","Q00537",13.13,"CDK17","PC_C391_E10_20x__PC_C391_F",-1.51,0.0109759789244386
"99","Q00537",13.13,"CDK17","PC_C391_E4_20x__PC_C391_F",-1.88,0.00276693243144033
"100","Q00537",13.13,"CDK17","PC_C391_E6_20x__PC_C391_F",-2.16,0.00107465047126554
"101","Q00537",13.13,"CDK17","PC_C391_E8_20x__PC_C391_F",-1.55,0.0092549704217848
"102","Q00537",13.13,"CDK17","PC_C391_E9_20x__PC_C391_F",-1,0.0970009934588268
"103","Q00537",13.13,"CDK17","PC_C391_F__CRF",3.18,6.53516021709155e-05
"104","Q00537",13.13,"CDK17","screen_C391_F__CRF",NA,NA
"105","P36639",12.99,"NUDT1","PC_C391_E1_20x__PC_C391_F",-1.77,0.0343423625889847
"106","P36639",12.99,"NUDT1","PC_C391_E10_20x__PC_C391_F",-0.72,0.676323634420846
"107","P36639",12.99,"NUDT1","PC_C391_E4_20x__PC_C391_F",-1.59,0.059781099231596
"108","P36639",12.99,"NUDT1","PC_C391_E6_20x__PC_C391_F",-2.25,0.00885466627593345
"109","P36639",12.99,"NUDT1","PC_C391_E8_20x__PC_C391_F",-1.31,0.140128792459396
"110","P36639",12.99,"NUDT1","PC_C391_E9_20x__PC_C391_F",-2.19,0.0105110921126296
"111","P36639",12.99,"NUDT1","PC_C391_F__CRF",3.16,0.00094817396116564
"112","P36639",12.99,"NUDT1","screen_C391_F__CRF",4.62,0.00328538
"113","Q9BWD1",12.67,"ACAT2","PC_C391_E1_20x__PC_C391_F",-1.47,0.045649995639813
"114","Q9BWD1",12.67,"ACAT2","PC_C391_E10_20x__PC_C391_F",-0.85,0.378300927768061
"115","Q9BWD1",12.67,"ACAT2","PC_C391_E4_20x__PC_C391_F",-1.58,0.0314768238707305
"116","Q9BWD1",12.67,"ACAT2","PC_C391_E6_20x__PC_C391_F",-2.17,0.0047783027621966
"117","Q9BWD1",12.67,"ACAT2","PC_C391_E8_20x__PC_C391_F",-1.25,0.0978569494680822
"118","Q9BWD1",12.67,"ACAT2","PC_C391_E9_20x__PC_C391_F",-1.27,0.0930891226526483
"119","Q9BWD1",12.67,"ACAT2","PC_C391_F__CRF",4.08,5.60350015282873e-05
"120","Q9BWD1",12.67,"ACAT2","screen_C391_F__CRF",4.91,1e-07
"121","Q8N4Q0",12.56,"PTGR3","PC_C391_E1_20x__PC_C391_F",-0.87,0.0646772924519602
"122","Q8N4Q0",12.56,"PTGR3","PC_C391_E10_20x__PC_C391_F",-0.71,0.14883469047198
"123","Q8N4Q0",12.56,"PTGR3","PC_C391_E4_20x__PC_C391_F",-0.99,0.0333142029289126
"124","Q8N4Q0",12.56,"PTGR3","PC_C391_E6_20x__PC_C391_F",-1.53,0.00229250295862471
"125","Q8N4Q0",12.56,"PTGR3","PC_C391_E8_20x__PC_C391_F",-0.65,0.209337113867446
"126","Q8N4Q0",12.56,"PTGR3","PC_C391_E9_20x__PC_C391_F",-2.57,5.79195783984021e-05
"127","Q8N4Q0",12.56,"PTGR3","PC_C391_F__CRF",5.24,1.5714428414082e-07
"128","Q8N4Q0",12.56,"PTGR3","screen_C391_F__CRF",5.8,1.24e-06
"129","P49840",12.52,"GSK3A","PC_C391_E1_20x__PC_C391_F",-1.59,0.00795257100267954
"130","P49840",12.52,"GSK3A","PC_C391_E10_20x__PC_C391_F",-0.88,0.161939762974383
"131","P49840",12.52,"GSK3A","PC_C391_E4_20x__PC_C391_F",-1.45,0.0138862113223676
"132","P49840",12.52,"GSK3A","PC_C391_E6_20x__PC_C391_F",-2.17,0.00103563719822963
"133","P49840",12.52,"GSK3A","PC_C391_E8_20x__PC_C391_F",-1.36,0.0197072706466446
"134","P49840",12.52,"GSK3A","PC_C391_E9_20x__PC_C391_F",-1.46,0.0132825605334188
"135","P49840",12.52,"GSK3A","PC_C391_F__CRF",3.61,2.48903849947579e-05
"136","P49840",12.52,"GSK3A","screen_C391_F__CRF",4.05,4.09e-06
"137","Q9NPH0",12.35,"ACP6","PC_C391_E1_20x__PC_C391_F",-0.91,0.32361772305549
"138","Q9NPH0",12.35,"ACP6","PC_C391_E10_20x__PC_C391_F",-2.1,0.00867322472704191
"139","Q9NPH0",12.35,"ACP6","PC_C391_E4_20x__PC_C391_F",-1.27,0.10572748797529
"140","Q9NPH0",12.35,"ACP6","PC_C391_E6_20x__PC_C391_F",-1.73,0.0251180123391087
"141","Q9NPH0",12.35,"ACP6","PC_C391_E8_20x__PC_C391_F",-1.12,0.170586685704618
"142","Q9NPH0",12.35,"ACP6","PC_C391_E9_20x__PC_C391_F",-1.3,0.093860123180146
"143","Q9NPH0",12.35,"ACP6","PC_C391_F__CRF",3.92,NA
"144","Q9NPH0",12.35,"ACP6","screen_C391_F__CRF",5.97,1.137e-05
"145","Q16850",12.29,"Q16850","PC_C391_E1_20x__PC_C391_F",-1.54,0.0358380506884399
"146","Q16850",12.29,"Q16850","PC_C391_E10_20x__PC_C391_F",-0.68,0.609327781565625
"147","Q16850",12.29,"Q16850","PC_C391_E4_20x__PC_C391_F",-2.47,0.00205386703974897
"148","Q16850",12.29,"Q16850","PC_C391_E6_20x__PC_C391_F",-1.71,0.0203859867719454
"149","Q16850",12.29,"Q16850","PC_C391_E8_20x__PC_C391_F",-1.15,0.139847195550219
"150","Q16850",12.29,"Q16850","PC_C391_E9_20x__PC_C391_F",-1,0.236903171303833
"151","Q16850",12.29,"Q16850","PC_C391_F__CRF",3.74,0.00010777810060902
"152","Q16850",12.29,"Q16850","screen_C391_F__CRF",4.51,1.5e-07
"153","Q8IXU6",12.06,"SLC35F2","PC_C391_E1_20x__PC_C391_F",-0.97,0.489867766292404
"154","Q8IXU6",12.06,"SLC35F2","PC_C391_E10_20x__PC_C391_F",-0.36,0.989610092896262
"155","Q8IXU6",12.06,"SLC35F2","PC_C391_E4_20x__PC_C391_F",-1.27,0.235752234876881
"156","Q8IXU6",12.06,"SLC35F2","PC_C391_E6_20x__PC_C391_F",-1.72,0.0693994064086175
"157","Q8IXU6",12.06,"SLC35F2","PC_C391_E8_20x__PC_C391_F",-1.24,0.256617183497849
"158","Q8IXU6",12.06,"SLC35F2","PC_C391_E9_20x__PC_C391_F",-2.16,0.0212372512141459
"159","Q8IXU6",12.06,"SLC35F2","PC_C391_F__CRF",4.34,0.00021771845080553
"160","Q8IXU6",12.06,"SLC35F2","screen_C391_F__CRF",4.35,5.117e-05
"161","Q567V2",11.78,"MPV17L2","PC_C391_E1_20x__PC_C391_F",-0.84,0.456654048556711
"162","Q567V2",11.78,"MPV17L2","PC_C391_E10_20x__PC_C391_F",-0.73,0.598533885563482
"163","Q567V2",11.78,"MPV17L2","PC_C391_E4_20x__PC_C391_F",-1.35,0.0941504472010766
"164","Q567V2",11.78,"MPV17L2","PC_C391_E6_20x__PC_C391_F",-1.74,0.0269237751668062
"165","Q567V2",11.78,"MPV17L2","PC_C391_E8_20x__PC_C391_F",-1.02,0.276603922988739
"166","Q567V2",11.78,"MPV17L2","PC_C391_E9_20x__PC_C391_F",-1.3,0.112374744900669
"167","Q567V2",11.78,"MPV17L2","PC_C391_F__CRF",4.8,2.80448607942185e-05
"168","Q567V2",11.78,"MPV17L2","screen_C391_F__CRF",5.96,1.46e-06
"169","Q9H773",11.6,"DCTPP1","PC_C391_E1_20x__PC_C391_F",-1.41,0.0549212026418022
"170","Q9H773",11.6,"DCTPP1","PC_C391_E10_20x__PC_C391_F",-0.82,0.411302651788904
"171","Q9H773",11.6,"DCTPP1","PC_C391_E4_20x__PC_C391_F",-1.44,0.0494862872301083
"172","Q9H773",11.6,"DCTPP1","PC_C391_E6_20x__PC_C391_F",-2,0.00783811086992092
"173","Q9H773",11.6,"DCTPP1","PC_C391_E8_20x__PC_C391_F",-1.22,0.105991302478068
"174","Q9H773",11.6,"DCTPP1","PC_C391_E9_20x__PC_C391_F",-1.72,0.0187464726831382
"175","Q9H773",11.6,"DCTPP1","PC_C391_F__CRF",2.99,0.00053053752717457
"176","Q9H773",11.6,"DCTPP1","screen_C391_F__CRF",3.99,0.00021199
"177","Q13126",11.3,"MTAP","PC_C391_E1_20x__PC_C391_F",-1.51,0.0105603080496491
"178","Q13126",11.3,"MTAP","PC_C391_E10_20x__PC_C391_F",-0.54,0.593154408558163
"179","Q13126",11.3,"MTAP","PC_C391_E4_20x__PC_C391_F",-1.25,0.0312690319382092
"180","Q13126",11.3,"MTAP","PC_C391_E6_20x__PC_C391_F",-2.39,0.00051043947506113
"181","Q13126",11.3,"MTAP","PC_C391_E8_20x__PC_C391_F",-1.29,0.0257176024000176
"182","Q13126",11.3,"MTAP","PC_C391_E9_20x__PC_C391_F",-1.12,0.0537649194802741
"183","Q13126",11.3,"MTAP","PC_C391_F__CRF",3.2,5.95050408725983e-05
"184","Q13126",11.3,"MTAP","screen_C391_F__CRF",4.16,1.3e-06
"185","Q8IXJ6",11.09,"SIRT2","PC_C391_E1_20x__PC_C391_F",-1.16,0.0608834475706609
"186","Q8IXJ6",11.09,"SIRT2","PC_C391_E10_20x__PC_C391_F",-0.55,0.624175262246869
"187","Q8IXJ6",11.09,"SIRT2","PC_C391_E4_20x__PC_C391_F",-1.32,0.0303517615951631
"188","Q8IXJ6",11.09,"SIRT2","PC_C391_E6_20x__PC_C391_F",-1.85,0.00411291543343684
"189","Q8IXJ6",11.09,"SIRT2","PC_C391_E8_20x__PC_C391_F",-1.28,0.0370078818364158
"190","Q8IXJ6",11.09,"SIRT2","PC_C391_E9_20x__PC_C391_F",-1.39,0.023614707756341
"191","Q8IXJ6",11.09,"SIRT2","PC_C391_F__CRF",3.54,4.16558679192658e-05
"192","Q8IXJ6",11.09,"SIRT2","screen_C391_F__CRF",4.99,2.66e-06
"193","Q14185",11.07,"DOCK1","PC_C391_E1_20x__PC_C391_F",-1.25,0.0652404062065145
"194","Q14185",11.07,"DOCK1","PC_C391_E10_20x__PC_C391_F",-0.72,0.450501354358804
"195","Q14185",11.07,"DOCK1","PC_C391_E4_20x__PC_C391_F",-1.69,0.0130577206525236
"196","Q14185",11.07,"DOCK1","PC_C391_E6_20x__PC_C391_F",-1.78,0.00955753298005446
"197","Q14185",11.07,"DOCK1","PC_C391_E8_20x__PC_C391_F",-1.37,0.040699590362221
"198","Q14185",11.07,"DOCK1","PC_C391_E9_20x__PC_C391_F",-1.07,0.128377055769528
"199","Q14185",11.07,"DOCK1","PC_C391_F__CRF",3.19,0.00017967016926767
"200","Q14185",11.07,"DOCK1","screen_C391_F__CRF",3.39,5.44e-06
"201","Q00535",11.06,"CDK5","PC_C391_E1_20x__PC_C391_F",-1.31,0.0341244390347415
"202","Q00535",11.06,"CDK5","PC_C391_E10_20x__PC_C391_F",-0.76,0.323006910176503
"203","Q00535",11.06,"CDK5","PC_C391_E4_20x__PC_C391_F",-1.23,0.0471416714663166
"204","Q00535",11.06,"CDK5","PC_C391_E6_20x__PC_C391_F",-2.08,0.00199514339654616
"205","Q00535",11.06,"CDK5","PC_C391_E8_20x__PC_C391_F",-1.37,0.0266768215220966
"206","Q00535",11.06,"CDK5","PC_C391_E9_20x__PC_C391_F",-0.92,0.170320447442248
"207","Q00535",11.06,"CDK5","PC_C391_F__CRF",3.39,6.09574286530856e-05
"208","Q00535",11.06,"CDK5","screen_C391_F__CRF",3.93,2.1e-06
"209","Q9P253",11.01,"VPS18","PC_C391_E1_20x__PC_C391_F",-1.07,0.467218773070429
"210","Q9P253",11.01,"VPS18","PC_C391_E10_20x__PC_C391_F",-0.56,0.935123643374712
"211","Q9P253",11.01,"VPS18","PC_C391_E4_20x__PC_C391_F",-1.51,0.168583120713644
"212","Q9P253",11.01,"VPS18","PC_C391_E6_20x__PC_C391_F",-1.54,0.157069949597103
"213","Q9P253",11.01,"VPS18","PC_C391_E8_20x__PC_C391_F",-1.28,0.29662002202058
"214","Q9P253",11.01,"VPS18","PC_C391_E9_20x__PC_C391_F",-0.97,0.568005700019266
"215","Q9P253",11.01,"VPS18","PC_C391_F__CRF",4.08,0.00057779882583475
"216","Q9P253",11.01,"VPS18","screen_C391_F__CRF",4.2,2.127e-05
"217","O60830",10.96,"TIMM17B","PC_C391_E1_20x__PC_C391_F",-0.84,0.564206191280252
"218","O60830",10.96,"TIMM17B","PC_C391_E10_20x__PC_C391_F",-0.58,0.862944346997552
"219","O60830",10.96,"TIMM17B","PC_C391_E4_20x__PC_C391_F",-1.31,0.168380079062662
"220","O60830",10.96,"TIMM17B","PC_C391_E6_20x__PC_C391_F",-1.54,0.0863924916403078
"221","O60830",10.96,"TIMM17B","PC_C391_E8_20x__PC_C391_F",-1.03,0.359957996135795
"222","O60830",10.96,"TIMM17B","PC_C391_E9_20x__PC_C391_F",-1.34,0.154791184218074
"223","O60830",10.96,"TIMM17B","PC_C391_F__CRF",4.32,0.00013725362762284
"224","O60830",10.96,"TIMM17B","screen_C391_F__CRF",5.58,5e-08
"225","P0DMN0",10.89,"SULT1A4","PC_C391_E1_20x__PC_C391_F",-1.25,0.0415396349566949
"226","P0DMN0",10.89,"SULT1A4","PC_C391_E10_20x__PC_C391_F",-0.73,0.355027149672244
"227","P0DMN0",10.89,"SULT1A4","PC_C391_E4_20x__PC_C391_F",-1.1,0.0778218679259771
"228","P0DMN0",10.89,"SULT1A4","PC_C391_E6_20x__PC_C391_F",-1.91,0.00350975850171797
"229","P0DMN0",10.89,"SULT1A4","PC_C391_E8_20x__PC_C391_F",-1.09,0.0826151200045128
"230","P0DMN0",10.89,"SULT1A4","PC_C391_E9_20x__PC_C391_F",-1.33,0.0303164943305854
"231","P0DMN0",10.89,"SULT1A4","PC_C391_F__CRF",3.48,4.85408227201001e-05
"232","P0DMN0",10.89,"SULT1A4","screen_C391_F__CRF",NA,NA
"233","P30519",10.85,"HMOX2","PC_C391_E1_20x__PC_C391_F",-1.09,0.16849658978416
"234","P30519",10.85,"HMOX2","PC_C391_E10_20x__PC_C391_F",-0.65,0.63780144458254
"235","P30519",10.85,"HMOX2","PC_C391_E4_20x__PC_C391_F",-1.45,0.0482196858537266
"236","P30519",10.85,"HMOX2","PC_C391_E6_20x__PC_C391_F",-1.59,0.0298641216361937
"237","P30519",10.85,"HMOX2","PC_C391_E8_20x__PC_C391_F",-1.28,0.0866925843478615
"238","P30519",10.85,"HMOX2","PC_C391_E9_20x__PC_C391_F",-0.76,0.482298368602785
"239","P30519",10.85,"HMOX2","PC_C391_F__CRF",4.03,6.10526682646162e-05
"240","P30519",10.85,"HMOX2","screen_C391_F__CRF",5.25,1.476e-05
"241","Q9GZS3",10.85,"WDR61","PC_C391_E1_20x__PC_C391_F",-1.17,0.0827718162801357
"242","Q9GZS3",10.85,"WDR61","PC_C391_E10_20x__PC_C391_F",-0.89,0.242269829516107
"243","Q9GZS3",10.85,"WDR61","PC_C391_E4_20x__PC_C391_F",-1.26,0.0580950083484137
"244","Q9GZS3",10.85,"WDR61","PC_C391_E6_20x__PC_C391_F",-1.89,0.00596669358862378
"245","Q9GZS3",10.85,"WDR61","PC_C391_E8_20x__PC_C391_F",-1.21,0.0717112052830559
"246","Q9GZS3",10.85,"WDR61","PC_C391_E9_20x__PC_C391_F",-1.22,0.0679224159332851
"247","Q9GZS3",10.85,"WDR61","PC_C391_F__CRF",3.21,0.0001545633019373
"248","Q9GZS3",10.85,"WDR61","screen_C391_F__CRF",3.77,4.7e-06
"249","A6NIH7",10.63,"UNC119B","PC_C391_E1_20x__PC_C391_F",-1.14,0.166053152392458
"250","A6NIH7",10.63,"UNC119B","PC_C391_E10_20x__PC_C391_F",-0.52,0.847022831091612
"251","A6NIH7",10.63,"UNC119B","PC_C391_E4_20x__PC_C391_F",-1.45,0.0586850676698341
"252","A6NIH7",10.63,"UNC119B","PC_C391_E6_20x__PC_C391_F",-1.4,0.0691646501233715
"253","A6NIH7",10.63,"UNC119B","PC_C391_E8_20x__PC_C391_F",-0.78,0.507202766133429
"254","A6NIH7",10.63,"UNC119B","PC_C391_E9_20x__PC_C391_F",-1.13,0.174143135402122
"255","A6NIH7",10.63,"UNC119B","PC_C391_F__CRF",4.21,5.93783644354806e-05
"256","A6NIH7",10.63,"UNC119B","screen_C391_F__CRF",4.16,4.046e-05
"257","Q13011",10.61,"ECH1","PC_C391_E1_20x__PC_C391_F",-0.65,0.269955955153709
"258","Q13011",10.61,"ECH1","PC_C391_E10_20x__PC_C391_F",-0.33,0.85852206423126
"259","Q13011",10.61,"ECH1","PC_C391_E4_20x__PC_C391_F",-0.91,0.0703811084201718
"260","Q13011",10.61,"ECH1","PC_C391_E6_20x__PC_C391_F",-1.71,0.00174343474126515
"261","Q13011",10.61,"ECH1","PC_C391_E8_20x__PC_C391_F",-0.4,0.72228400739562
"262","Q13011",10.61,"ECH1","PC_C391_E9_20x__PC_C391_F",-1.81,0.00118242140391978
"263","Q13011",10.61,"ECH1","PC_C391_F__CRF",4.8,7.45935131329922e-07
"264","Q13011",10.61,"ECH1","screen_C391_F__CRF",5.1,8.326e-05
"265","Q15165",10.51,"PON2","PC_C391_E1_20x__PC_C391_F",-1.02,0.202950866874849
"266","Q15165",10.51,"PON2","PC_C391_E10_20x__PC_C391_F",-0.65,0.62009236635501
"267","Q15165",10.51,"PON2","PC_C391_E4_20x__PC_C391_F",-1.22,0.0985597493077804
"268","Q15165",10.51,"PON2","PC_C391_E6_20x__PC_C391_F",-1.62,0.0236392806222842
"269","Q15165",10.51,"PON2","PC_C391_E8_20x__PC_C391_F",-1.26,0.0844794501080849
"270","Q15165",10.51,"PON2","PC_C391_E9_20x__PC_C391_F",-1.14,0.129258935599264
"271","Q15165",10.51,"PON2","PC_C391_F__CRF",3.6,0.00011857391425118
"272","Q15165",10.51,"PON2","screen_C391_F__CRF",5.11,7.5e-07
"273","P30837",10.28,"P30837","PC_C391_E1_20x__PC_C391_F",-0.74,0.399875314192654
"274","P30837",10.28,"P30837","PC_C391_E10_20x__PC_C391_F",-0.56,0.687505601019733
"275","P30837",10.28,"P30837","PC_C391_E4_20x__PC_C391_F",-1.18,0.0772070077316048
"276","P30837",10.28,"P30837","PC_C391_E6_20x__PC_C391_F",-1.37,0.0366328211722298
"277","P30837",10.28,"P30837","PC_C391_E8_20x__PC_C391_F",-0.68,0.491833641723598
"278","P30837",10.28,"P30837","PC_C391_E9_20x__PC_C391_F",-2.17,0.00235309961231367
"279","P30837",10.28,"P30837","PC_C391_F__CRF",3.58,6.59667367434169e-05
"280","P30837",10.28,"P30837","screen_C391_F__CRF",4.55,1.332e-05
"281","Q9UHG3",10.26,"PCYOX1","PC_C391_E1_20x__PC_C391_F",-0.56,0.813255336715648
"282","Q9UHG3",10.26,"PCYOX1","PC_C391_E10_20x__PC_C391_F",-1.05,0.244737668492572
"283","Q9UHG3",10.26,"PCYOX1","PC_C391_E4_20x__PC_C391_F",-0.92,0.368566680420139
"284","Q9UHG3",10.26,"PCYOX1","PC_C391_E6_20x__PC_C391_F",-2.16,0.00747628926142763
"285","Q9UHG3",10.26,"PCYOX1","PC_C391_E8_20x__PC_C391_F",-1.09,0.217642972287269
"286","Q9UHG3",10.26,"PCYOX1","PC_C391_E9_20x__PC_C391_F",-0.54,0.842953752250111
"287","Q9UHG3",10.26,"PCYOX1","PC_C391_F__CRF",3.94,0.00011874529516486
"288","Q9UHG3",10.26,"PCYOX1","screen_C391_F__CRF",5.24,3.14e-06
"289","P28070",10.13,"PSMB4","PC_C391_E1_20x__PC_C391_F",-1.11,0.192810681988502
"290","P28070",10.13,"PSMB4","PC_C391_E10_20x__PC_C391_F",-0.71,0.613354568785887
"291","P28070",10.13,"PSMB4","PC_C391_E4_20x__PC_C391_F",-1.18,0.153228489104618
"292","P28070",10.13,"PSMB4","PC_C391_E6_20x__PC_C391_F",-1.48,0.0567245930759325
"293","P28070",10.13,"PSMB4","PC_C391_E8_20x__PC_C391_F",-1.14,0.175378137495198
"294","P28070",10.13,"PSMB4","PC_C391_E9_20x__PC_C391_F",-1.13,0.180839410624134
"295","P28070",10.13,"PSMB4","PC_C391_F__CRF",3.38,0.00032909761041433
"296","P28070",10.13,"PSMB4","screen_C391_F__CRF",4.67,7.99e-06
"297","Q7Z7F7",10.12,"MRPL55","PC_C391_E1_20x__PC_C391_F",-0.67,0.838142805086279
"298","Q7Z7F7",10.12,"MRPL55","PC_C391_E10_20x__PC_C391_F",-0.48,0.960410110904816
"299","Q7Z7F7",10.12,"MRPL55","PC_C391_E4_20x__PC_C391_F",-0.97,0.523532862043609
"300","Q7Z7F7",10.12,"MRPL55","PC_C391_E6_20x__PC_C391_F",-1.13,0.369995402968272
"301","Q7Z7F7",10.12,"MRPL55","PC_C391_E8_20x__PC_C391_F",-1.07,0.424855107958888
"302","Q7Z7F7",10.12,"MRPL55","PC_C391_E9_20x__PC_C391_F",-0.34,0.99406489893748
"303","Q7Z7F7",10.12,"MRPL55","PC_C391_F__CRF",5.46,5.00235280490591e-05
"304","Q7Z7F7",10.12,"MRPL55","screen_C391_F__CRF",6.32,NA
"305","Q8WTV0",10.1,"SCARB1","PC_C391_E1_20x__PC_C391_F",-0.79,0.387909626063382
"306","Q8WTV0",10.1,"SCARB1","PC_C391_E10_20x__PC_C391_F",-0.78,0.396782861469409
"307","Q8WTV0",10.1,"SCARB1","PC_C391_E4_20x__PC_C391_F",-1.34,0.0515734553834837
"308","Q8WTV0",10.1,"SCARB1","PC_C391_E6_20x__PC_C391_F",-1.46,0.0336989828048069
"309","Q8WTV0",10.1,"SCARB1","PC_C391_E8_20x__PC_C391_F",-0.87,0.295234712912336
"310","Q8WTV0",10.1,"SCARB1","PC_C391_E9_20x__PC_C391_F",-1.54,0.0248516530309424
"311","Q8WTV0",10.1,"SCARB1","PC_C391_F__CRF",3.32,0.00015671750823775
"312","Q8WTV0",10.1,"SCARB1","screen_C391_F__CRF",4.53,3.02e-06
"313","Q5BJF2",9.85,"TMEM97","PC_C391_E1_20x__PC_C391_F",-0.83,0.412154550520822
"314","Q5BJF2",9.85,"TMEM97","PC_C391_E10_20x__PC_C391_F",-0.75,0.514074173493973
"315","Q5BJF2",9.85,"TMEM97","PC_C391_E4_20x__PC_C391_F",-1.22,0.110740772867838
"316","Q5BJF2",9.85,"TMEM97","PC_C391_E6_20x__PC_C391_F",-1.29,0.0873199319015131
"317","Q5BJF2",9.85,"TMEM97","PC_C391_E8_20x__PC_C391_F",-1.29,0.0886950017467025
"318","Q5BJF2",9.85,"TMEM97","PC_C391_E9_20x__PC_C391_F",-1.41,0.0567877899211459
"319","Q5BJF2",9.85,"TMEM97","PC_C391_F__CRF",3.06,0.00047933967522706
"320","Q5BJF2",9.85,"TMEM97","screen_C391_F__CRF",4.07,1.323e-05
"321","O14737",9.67,"PDCD5","PC_C391_E1_20x__PC_C391_F",-1.11,0.0812585546759571
"322","O14737",9.67,"PDCD5","PC_C391_E10_20x__PC_C391_F",-0.74,0.354898379263018
"323","O14737",9.67,"PDCD5","PC_C391_E4_20x__PC_C391_F",-1.1,0.0865177178603875
"324","O14737",9.67,"PDCD5","PC_C391_E6_20x__PC_C391_F",-1.6,0.0118402259895866
"325","O14737",9.67,"PDCD5","PC_C391_E8_20x__PC_C391_F",-1.04,0.10995165707695
"326","O14737",9.67,"PDCD5","PC_C391_E9_20x__PC_C391_F",-0.94,0.16119409392666
"327","O14737",9.67,"PDCD5","PC_C391_F__CRF",3.14,0.00012097648885578
"328","O14737",9.67,"PDCD5","screen_C391_F__CRF",4.27,1.744e-05
"329","P21796",9.54,"VDAC1","PC_C391_E1_20x__PC_C391_F",-0.53,0.893454957943971
"330","P21796",9.54,"VDAC1","PC_C391_E10_20x__PC_C391_F",-0.84,0.539197344183301
"331","P21796",9.54,"VDAC1","PC_C391_E4_20x__PC_C391_F",-0.94,0.420832010517731
"332","P21796",9.54,"VDAC1","PC_C391_E6_20x__PC_C391_F",-1.33,0.140359928742992
"333","P21796",9.54,"VDAC1","PC_C391_E8_20x__PC_C391_F",-0.93,0.432734696130895
"334","P21796",9.54,"VDAC1","PC_C391_E9_20x__PC_C391_F",-0.6,0.828941686061304
"335","P21796",9.54,"VDAC1","PC_C391_F__CRF",4.37,9.91938359650169e-05
"336","P21796",9.54,"VDAC1","screen_C391_F__CRF",5.73,1.3e-07
"337","Q9NTG7",9.4,"SIRT3","PC_C391_E1_20x__PC_C391_F",-1.26,0.134736695543482
"338","Q9NTG7",9.4,"SIRT3","PC_C391_E10_20x__PC_C391_F",-0.47,0.912572008453357
"339","Q9NTG7",9.4,"SIRT3","PC_C391_E4_20x__PC_C391_F",-1.3,0.119380581073048
"340","Q9NTG7",9.4,"SIRT3","PC_C391_E6_20x__PC_C391_F",-1.48,0.0667427326806092
"341","Q9NTG7",9.4,"SIRT3","PC_C391_E8_20x__PC_C391_F",-0.84,0.477008192038674
"342","Q9NTG7",9.4,"SIRT3","PC_C391_E9_20x__PC_C391_F",-0.3,0.99106934611323
"343","Q9NTG7",9.4,"SIRT3","PC_C391_F__CRF",3.75,0.00019351385575361
"344","Q9NTG7",9.4,"SIRT3","screen_C391_F__CRF",NA,NA
"345","Q8WVI0",9.36,"SMIM4","PC_C391_E1_20x__PC_C391_F",-0.67,0.816282781665689
"346","Q8WVI0",9.36,"SMIM4","PC_C391_E10_20x__PC_C391_F",-0.55,0.91336070459605
"347","Q8WVI0",9.36,"SMIM4","PC_C391_E4_20x__PC_C391_F",-0.95,0.508737883190251
"348","Q8WVI0",9.36,"SMIM4","PC_C391_E6_20x__PC_C391_F",-1.24,0.254372423416062
"349","Q8WVI0",9.36,"SMIM4","PC_C391_E8_20x__PC_C391_F",-0.94,0.511765391078187
"350","Q8WVI0",9.36,"SMIM4","PC_C391_E9_20x__PC_C391_F",-1.2,0.278787782286819
"351","Q8WVI0",9.36,"SMIM4","PC_C391_F__CRF",3.81,0.00053155617036748
"352","Q8WVI0",9.36,"SMIM4","screen_C391_F__CRF",6.64,NA
"353","Q6R2W3",9.29,"ZBED9","PC_C391_E1_20x__PC_C391_F",-0.95,0.328418708470297
"354","Q6R2W3",9.29,"ZBED9","PC_C391_E10_20x__PC_C391_F",-0.43,0.938087886912184
"355","Q6R2W3",9.29,"ZBED9","PC_C391_E4_20x__PC_C391_F",-1.31,0.104490745370534
"356","Q6R2W3",9.29,"ZBED9","PC_C391_E6_20x__PC_C391_F",-1.39,0.0805153525785733
"357","Q6R2W3",9.29,"ZBED9","PC_C391_E8_20x__PC_C391_F",-0.7,0.635003467650113
"358","Q6R2W3",9.29,"ZBED9","PC_C391_E9_20x__PC_C391_F",-1.27,0.119858732275862
"359","Q6R2W3",9.29,"ZBED9","PC_C391_F__CRF",3.24,0.00047007508822438
"360","Q6R2W3",9.29,"ZBED9","screen_C391_F__CRF",NA,NA
"361","Q9UL46",9.27,"PSME2","PC_C391_E1_20x__PC_C391_F",-1.23,0.109602186739432
"362","Q9UL46",9.27,"PSME2","PC_C391_E10_20x__PC_C391_F",-0.4,0.945608897096846
"363","Q9UL46",9.27,"PSME2","PC_C391_E4_20x__PC_C391_F",-1.14,0.152417337701422
"364","Q9UL46",9.27,"PSME2","PC_C391_E6_20x__PC_C391_F",-1.22,0.115680780413008
"365","Q9UL46",9.27,"PSME2","PC_C391_E8_20x__PC_C391_F",-1.19,0.127328922059087
"366","Q9UL46",9.27,"PSME2","PC_C391_E9_20x__PC_C391_F",-1.01,0.234859454356701
"367","Q9UL46",9.27,"PSME2","PC_C391_F__CRF",3.08,0.00048529821574816
"368","Q9UL46",9.27,"PSME2","screen_C391_F__CRF",3.75,7.98e-06
"369","P42785",9.19,"PRCP","PC_C391_E1_20x__PC_C391_F",-0.93,0.478764609232998
"370","P42785",9.19,"PRCP","PC_C391_E10_20x__PC_C391_F",-0.43,0.966950816366814
"371","P42785",9.19,"PRCP","PC_C391_E4_20x__PC_C391_F",-0.62,0.839686048149189
"372","P42785",9.19,"PRCP","PC_C391_E6_20x__PC_C391_F",-1,0.406010649584018
"373","P42785",9.19,"PRCP","PC_C391_E8_20x__PC_C391_F",-0.89,0.525017241146521
"374","P42785",9.19,"PRCP","PC_C391_E9_20x__PC_C391_F",-1.84,0.0385864063485771
"375","P42785",9.19,"PRCP","PC_C391_F__CRF",3.48,0.00074189728083151
"376","P42785",9.19,"PRCP","screen_C391_F__CRF",5.39,1.7e-07
"377","O95684",9.1,"CEP43","PC_C391_E1_20x__PC_C391_F",-0.83,0.44829388231822
"378","O95684",9.1,"CEP43","PC_C391_E10_20x__PC_C391_F",-0.64,0.702334472336483
"379","O95684",9.1,"CEP43","PC_C391_E4_20x__PC_C391_F",-1,0.267177814622215
"380","O95684",9.1,"CEP43","PC_C391_E6_20x__PC_C391_F",-1.38,0.0775910546359935
"381","O95684",9.1,"CEP43","PC_C391_E8_20x__PC_C391_F",-0.78,0.511626466100954
"382","O95684",9.1,"CEP43","PC_C391_E9_20x__PC_C391_F",-0.71,0.606491592433625
"383","O95684",9.1,"CEP43","PC_C391_F__CRF",3.76,0.00014547977655354
"384","O95684",9.1,"CEP43","screen_C391_F__CRF",4.82,3.054e-05
"385","Q96G23",9.04,"CERS2","PC_C391_E1_20x__PC_C391_F",-0.67,0.459956543119976
"386","Q96G23",9.04,"CERS2","PC_C391_E10_20x__PC_C391_F",-1,0.132647647424251
"387","Q96G23",9.04,"CERS2","PC_C391_E4_20x__PC_C391_F",-1.28,0.0431541038693443
"388","Q96G23",9.04,"CERS2","PC_C391_E6_20x__PC_C391_F",-1.49,0.0187022309576454
"389","Q96G23",9.04,"CERS2","PC_C391_E8_20x__PC_C391_F",-0.83,0.26406667941045
"390","Q96G23",9.04,"CERS2","PC_C391_E9_20x__PC_C391_F",-0.8,0.291907811607052
"391","Q96G23",9.04,"CERS2","PC_C391_F__CRF",2.97,0.00019255224993164
"392","Q96G23",9.04,"CERS2","screen_C391_F__CRF",4.3,NA
"393","Q9BPX6",9.04,"MICU1","PC_C391_E1_20x__PC_C391_F",-0.74,0.445135587018205
"394","Q9BPX6",9.04,"MICU1","PC_C391_E10_20x__PC_C391_F",-0.59,0.677768779868025
"395","Q9BPX6",9.04,"MICU1","PC_C391_E4_20x__PC_C391_F",-1.13,0.114631516786286
"396","Q9BPX6",9.04,"MICU1","PC_C391_E6_20x__PC_C391_F",-1.47,0.0321910573158379
"397","Q9BPX6",9.04,"MICU1","PC_C391_E8_20x__PC_C391_F",-0.98,0.195455785247089
"398","Q9BPX6",9.04,"MICU1","PC_C391_E9_20x__PC_C391_F",-1.14,0.111084484189464
"399","Q9BPX6",9.04,"MICU1","PC_C391_F__CRF",2.99,0.00033584282024334
"400","Q9BPX6",9.04,"MICU1","screen_C391_F__CRF",4.47,4e-07
"401","P22413",8.98,"ENPP1","PC_C391_E1_20x__PC_C391_F",-0.57,0.85091512965215
"402","P22413",8.98,"ENPP1","PC_C391_E10_20x__PC_C391_F",-0.52,0.893485168606817
"403","P22413",8.98,"ENPP1","PC_C391_E4_20x__PC_C391_F",-1.25,0.172849484709503
"404","P22413",8.98,"ENPP1","PC_C391_E6_20x__PC_C391_F",-1.54,0.0708368529705639
"405","P22413",8.98,"ENPP1","PC_C391_E8_20x__PC_C391_F",-0.66,0.74990274565893
"406","P22413",8.98,"ENPP1","PC_C391_E9_20x__PC_C391_F",-0.43,0.957539885644089
"407","P22413",8.98,"ENPP1","PC_C391_F__CRF",4.01,0.00017484022819458
"408","P22413",8.98,"ENPP1","screen_C391_F__CRF",NA,NA
"409","O00461",8.92,"GOLIM4","PC_C391_E1_20x__PC_C391_F",-0.71,0.66847268558999
"410","O00461",8.92,"GOLIM4","PC_C391_E10_20x__PC_C391_F",-0.61,0.791841872480468
"411","O00461",8.92,"GOLIM4","PC_C391_E4_20x__PC_C391_F",-1.1,0.251174968618424
"412","O00461",8.92,"GOLIM4","PC_C391_E6_20x__PC_C391_F",-1.28,0.144940248346572
"413","O00461",8.92,"GOLIM4","PC_C391_E8_20x__PC_C391_F",-0.91,0.431598927469662
"414","O00461",8.92,"GOLIM4","PC_C391_E9_20x__PC_C391_F",-0.64,0.76398318954725
"415","O00461",8.92,"GOLIM4","PC_C391_F__CRF",3.67,0.00029483146588182
"416","O00461",8.92,"GOLIM4","screen_C391_F__CRF",5.02,NA
"417","P45880",8.89,"VDAC2","PC_C391_E1_20x__PC_C391_F",-0.37,0.972430212733304
"418","P45880",8.89,"VDAC2","PC_C391_E10_20x__PC_C391_F",-0.64,0.729119532478534
"419","P45880",8.89,"VDAC2","PC_C391_E4_20x__PC_C391_F",-0.86,0.447795668646441
"420","P45880",8.89,"VDAC2","PC_C391_E6_20x__PC_C391_F",-1.19,0.168335165139567
"421","P45880",8.89,"VDAC2","PC_C391_E8_20x__PC_C391_F",-0.9,0.401043585552659
"422","P45880",8.89,"VDAC2","PC_C391_E9_20x__PC_C391_F",-0.49,0.900107950304716
"423","P45880",8.89,"VDAC2","PC_C391_F__CRF",4.44,5.36353632770714e-05
"424","P45880",8.89,"VDAC2","screen_C391_F__CRF",4.76,2.7e-07
"425","Q9H6D7",8.86,"HAUS4","PC_C391_E1_20x__PC_C391_F",-0.93,0.320811928718824
"426","Q9H6D7",8.86,"HAUS4","PC_C391_E10_20x__PC_C391_F",-0.51,0.853135354605839
"427","Q9H6D7",8.86,"HAUS4","PC_C391_E4_20x__PC_C391_F",-0.88,0.373901506053144
"428","Q9H6D7",8.86,"HAUS4","PC_C391_E6_20x__PC_C391_F",-1.54,0.0403219368027493
"429","Q9H6D7",8.86,"HAUS4","PC_C391_E8_20x__PC_C391_F",-1,0.253463917012194
"430","Q9H6D7",8.86,"HAUS4","PC_C391_E9_20x__PC_C391_F",-0.82,0.439912057474032
"431","Q9H6D7",8.86,"HAUS4","PC_C391_F__CRF",3.18,0.00042055312681377
"432","Q9H6D7",8.86,"HAUS4","screen_C391_F__CRF",4.42,1.1e-07
"433","Q06136",8.79,"KDSR","PC_C391_E1_20x__PC_C391_F",-0.59,0.840934228061307
"434","Q06136",8.79,"KDSR","PC_C391_E10_20x__PC_C391_F",-0.51,0.910730340558644
"435","Q06136",8.79,"KDSR","PC_C391_E4_20x__PC_C391_F",-1.1,0.283381299140463
"436","Q06136",8.79,"KDSR","PC_C391_E6_20x__PC_C391_F",-1.22,0.200971212865414
"437","Q06136",8.79,"KDSR","PC_C391_E8_20x__PC_C391_F",-0.84,0.545700236990174
"438","Q06136",8.79,"KDSR","PC_C391_E9_20x__PC_C391_F",-0.59,0.845759226650903
"439","Q06136",8.79,"KDSR","PC_C391_F__CRF",3.94,0.00023194984737706
"440","Q06136",8.79,"KDSR","screen_C391_F__CRF",3.2,0.00025385
"441","Q8N2G8",8.65,"GHDC","PC_C391_E1_20x__PC_C391_F",-0.54,0.701230793354924
"442","Q8N2G8",8.65,"GHDC","PC_C391_E10_20x__PC_C391_F",-0.81,0.308738343714736
"443","Q8N2G8",8.65,"GHDC","PC_C391_E4_20x__PC_C391_F",-1.01,0.146615374161099
"444","Q8N2G8",8.65,"GHDC","PC_C391_E6_20x__PC_C391_F",-1.25,0.0565962506576779
"445","Q8N2G8",8.65,"GHDC","PC_C391_E8_20x__PC_C391_F",-1.01,0.146232370709246
"446","Q8N2G8",8.65,"GHDC","PC_C391_E9_20x__PC_C391_F",-0.86,0.26380613957784
"447","Q8N2G8",8.65,"GHDC","PC_C391_F__CRF",3.17,0.0001563343714469
"448","Q8N2G8",8.65,"GHDC","screen_C391_F__CRF",4.79,9.4e-07
"449","O75935",8.62,"DCTN3","PC_C391_E1_20x__PC_C391_F",-0.96,0.306465845443429
"450","O75935",8.62,"DCTN3","PC_C391_E10_20x__PC_C391_F",-0.47,0.902743862692921
"451","O75935",8.62,"DCTN3","PC_C391_E4_20x__PC_C391_F",-0.95,0.314483613093379
"452","O75935",8.62,"DCTN3","PC_C391_E6_20x__PC_C391_F",-1.38,0.0775418076766556
"453","O75935",8.62,"DCTN3","PC_C391_E8_20x__PC_C391_F",-0.89,0.376406978026013
"454","O75935",8.62,"DCTN3","PC_C391_E9_20x__PC_C391_F",-0.55,0.819416903645726
"455","O75935",8.62,"DCTN3","PC_C391_F__CRF",3.42,0.00028780834510067
"456","O75935",8.62,"DCTN3","screen_C391_F__CRF",4.68,2.76e-06
"457","Q9Y282",8.59,"ERGIC3","PC_C391_E1_20x__PC_C391_F",-0.63,0.828378609105177
"458","Q9Y282",8.59,"ERGIC3","PC_C391_E10_20x__PC_C391_F",-0.6,0.851394464017706
"459","Q9Y282",8.59,"ERGIC3","PC_C391_E4_20x__PC_C391_F",-0.98,0.432713241937378
"460","Q9Y282",8.59,"ERGIC3","PC_C391_E6_20x__PC_C391_F",-1.21,0.235240334805543
"461","Q9Y282",8.59,"ERGIC3","PC_C391_E8_20x__PC_C391_F",-1.16,0.269263900698272
"462","Q9Y282",8.59,"ERGIC3","PC_C391_E9_20x__PC_C391_F",-0.38,0.983189621517132
"463","Q9Y282",8.59,"ERGIC3","PC_C391_F__CRF",3.63,0.00054890458076883
"464","Q9Y282",8.59,"ERGIC3","screen_C391_F__CRF",3.88,3.01e-06
"465","Q8N4V1",8.58,"MMGT1","PC_C391_E1_20x__PC_C391_F",-0.69,0.609343635611339
"466","Q8N4V1",8.58,"MMGT1","PC_C391_E10_20x__PC_C391_F",-0.28,0.990845440951771
"467","Q8N4V1",8.58,"MMGT1","PC_C391_E4_20x__PC_C391_F",-1.15,0.149374542270189
"468","Q8N4V1",8.58,"MMGT1","PC_C391_E6_20x__PC_C391_F",-1.18,0.134269245067542
"469","Q8N4V1",8.58,"MMGT1","PC_C391_E8_20x__PC_C391_F",-0.91,0.326790858984307
"470","Q8N4V1",8.58,"MMGT1","PC_C391_E9_20x__PC_C391_F",-0.35,0.972651244499523
"471","Q8N4V1",8.58,"MMGT1","PC_C391_F__CRF",4.02,7.2293214816388e-05
"472","Q8N4V1",8.58,"MMGT1","screen_C391_F__CRF",4.11,7.01e-06
"473","P00846",8.54,"MT-ATP6","PC_C391_E1_20x__PC_C391_F",-0.45,0.98092235164941
"474","P00846",8.54,"MT-ATP6","PC_C391_E10_20x__PC_C391_F",-0.22,0.999736483751412
"475","P00846",8.54,"MT-ATP6","PC_C391_E4_20x__PC_C391_F",-1.41,0.236644294846844
"476","P00846",8.54,"MT-ATP6","PC_C391_E6_20x__PC_C391_F",-1.43,0.22725990539662
"477","P00846",8.54,"MT-ATP6","PC_C391_E8_20x__PC_C391_F",-0.98,0.583001166602199
"478","P00846",8.54,"MT-ATP6","PC_C391_E9_20x__PC_C391_F",-0.12,0.999995862674349
"479","P00846",8.54,"MT-ATP6","PC_C391_F__CRF",3.93,0.00093032981627494
"480","P00846",8.54,"MT-ATP6","screen_C391_F__CRF",5.73,7.7e-07
"481","Q9NS69",8.48,"TOMM22","PC_C391_E1_20x__PC_C391_F",-0.51,0.944560754131029
"482","Q9NS69",8.48,"TOMM22","PC_C391_E10_20x__PC_C391_F",-0.4,0.984113773789181
"483","Q9NS69",8.48,"TOMM22","PC_C391_E4_20x__PC_C391_F",-1.01,0.466351403445659
"484","Q9NS69",8.48,"TOMM22","PC_C391_E6_20x__PC_C391_F",-1.32,0.217063447716289
"485","Q9NS69",8.48,"TOMM22","PC_C391_E8_20x__PC_C391_F",-0.77,0.722125544523725
"486","Q9NS69",8.48,"TOMM22","PC_C391_E9_20x__PC_C391_F",-0.06,0.999999962582073
"487","Q9NS69",8.48,"TOMM22","PC_C391_F__CRF",4.41,0.00021253281175293
"488","Q9NS69",8.48,"TOMM22","screen_C391_F__CRF",4.4,1.34e-06
"489","Q8IYU8",8.47,"MICU2","PC_C391_E1_20x__PC_C391_F",-0.57,0.765826614789763
"490","Q8IYU8",8.47,"MICU2","PC_C391_E10_20x__PC_C391_F",-0.71,0.579120744844425
"491","Q8IYU8",8.47,"MICU2","PC_C391_E4_20x__PC_C391_F",-0.88,0.358066927764602
"492","Q8IYU8",8.47,"MICU2","PC_C391_E6_20x__PC_C391_F",-1.38,0.0670565929876483
"493","Q8IYU8",8.47,"MICU2","PC_C391_E8_20x__PC_C391_F",-1.03,0.22186211216611
"494","Q8IYU8",8.47,"MICU2","PC_C391_E9_20x__PC_C391_F",-0.84,0.400513419561148
"495","Q8IYU8",8.47,"MICU2","PC_C391_F__CRF",3.06,0.00051262069080892
"496","Q8IYU8",8.47,"MICU2","screen_C391_F__CRF",3.97,6.9e-07
"497","Q14011",8.42,"CIRBP","PC_C391_E1_20x__PC_C391_F",-0.7,0.539290373021529
"498","Q14011",8.42,"CIRBP","PC_C391_E10_20x__PC_C391_F",-0.84,0.354706813718098
"499","Q14011",8.42,"CIRBP","PC_C391_E4_20x__PC_C391_F",-1,0.204561333151294
"500","Q14011",8.42,"CIRBP","PC_C391_E6_20x__PC_C391_F",-1.39,0.0500560191358722
"501","Q14011",8.42,"CIRBP","PC_C391_E8_20x__PC_C391_F",-0.9,0.284997653632965
"502","Q14011",8.42,"CIRBP","PC_C391_E9_20x__PC_C391_F",-0.52,0.796912311412666
"503","Q14011",8.42,"CIRBP","PC_C391_F__CRF",3.07,0.00034521246420382
"504","Q14011",8.42,"CIRBP","screen_C391_F__CRF",4.56,1.001e-05
"505","Q7RTS9",8.31,"DYM","PC_C391_E1_20x__PC_C391_F",-0.73,0.516041142986937
"506","Q7RTS9",8.31,"DYM","PC_C391_E10_20x__PC_C391_F",-0.55,0.779575048501165
"507","Q7RTS9",8.31,"DYM","PC_C391_E4_20x__PC_C391_F",-1.02,0.209858946887155
"508","Q7RTS9",8.31,"DYM","PC_C391_E6_20x__PC_C391_F",-1.16,0.128239797003514
"509","Q7RTS9",8.31,"DYM","PC_C391_E8_20x__PC_C391_F",-1.02,0.205967073205728
"510","Q7RTS9",8.31,"DYM","PC_C391_E9_20x__PC_C391_F",-0.67,0.608621861136508
"511","Q7RTS9",8.31,"DYM","PC_C391_F__CRF",3.16,0.00033398870187528
"512","Q7RTS9",8.31,"DYM","screen_C391_F__CRF",4.33,0.00014376
"513","P30825",8.27,"SLC7A1","PC_C391_E1_20x__PC_C391_F",-0.49,0.942291290169501
"514","P30825",8.27,"SLC7A1","PC_C391_E10_20x__PC_C391_F",-0.57,0.884496543925873
"515","P30825",8.27,"SLC7A1","PC_C391_E4_20x__PC_C391_F",-1.23,0.229718613677534
"516","P30825",8.27,"SLC7A1","PC_C391_E6_20x__PC_C391_F",-1.26,0.212551685634463
"517","P30825",8.27,"SLC7A1","PC_C391_E8_20x__PC_C391_F",-0.95,0.470591404410755
"518","P30825",8.27,"SLC7A1","PC_C391_E9_20x__PC_C391_F",-0.7,0.756301012628504
"519","P30825",8.27,"SLC7A1","PC_C391_F__CRF",3.07,0.00185794669470063
"520","P30825",8.27,"SLC7A1","screen_C391_F__CRF",4.97,3.18e-06
"521","Q9NWM8",8.19,"FKBP14","PC_C391_E1_20x__PC_C391_F",-0.8,0.545168692075296
"522","Q9NWM8",8.19,"FKBP14","PC_C391_E10_20x__PC_C391_F",-0.33,0.986500877990612
"523","Q9NWM8",8.19,"FKBP14","PC_C391_E4_20x__PC_C391_F",-1.03,0.300590735014616
"524","Q9NWM8",8.19,"FKBP14","PC_C391_E6_20x__PC_C391_F",-1.34,0.117757274625679
"525","Q9NWM8",8.19,"FKBP14","PC_C391_E8_20x__PC_C391_F",-0.81,0.531916383177389
"526","Q9NWM8",8.19,"FKBP14","PC_C391_E9_20x__PC_C391_F",-0.44,0.945174490721715
"527","Q9NWM8",8.19,"FKBP14","PC_C391_F__CRF",3.44,0.00043183923114209
"528","Q9NWM8",8.19,"FKBP14","screen_C391_F__CRF",5.02,8.58e-06
"529","Q9NRY5",8.19,"FAM114A2","PC_C391_E1_20x__PC_C391_F",-0.71,0.532982489845685
"530","Q9NRY5",8.19,"FAM114A2","PC_C391_E10_20x__PC_C391_F",-0.56,0.753235220703145
"531","Q9NRY5",8.19,"FAM114A2","PC_C391_E4_20x__PC_C391_F",-0.94,0.256493465485527
"532","Q9NRY5",8.19,"FAM114A2","PC_C391_E6_20x__PC_C391_F",-1.44,0.0426627854257341
"533","Q9NRY5",8.19,"FAM114A2","PC_C391_E8_20x__PC_C391_F",-0.73,0.495078946227492
"534","Q9NRY5",8.19,"FAM114A2","PC_C391_E9_20x__PC_C391_F",-0.59,0.708359916210125
"535","Q9NRY5",8.19,"FAM114A2","PC_C391_F__CRF",3.22,0.00025310271949285
"536","Q9NRY5",8.19,"FAM114A2","screen_C391_F__CRF",4.17,1.09e-06
"537","P55786",8.11,"NPEPPS","PC_C391_E1_20x__PC_C391_F",-0.78,0.513257472539005
"538","P55786",8.11,"NPEPPS","PC_C391_E10_20x__PC_C391_F",-0.22,0.998004783675972
"539","P55786",8.11,"NPEPPS","PC_C391_E4_20x__PC_C391_F",-0.73,0.571716263676522
"540","P55786",8.11,"NPEPPS","PC_C391_E6_20x__PC_C391_F",-1.2,0.138767482417149
"541","P55786",8.11,"NPEPPS","PC_C391_E8_20x__PC_C391_F",-0.91,0.358616883143134
"542","P55786",8.11,"NPEPPS","PC_C391_E9_20x__PC_C391_F",-1.09,0.200508898526683
"543","P55786",8.11,"NPEPPS","PC_C391_F__CRF",3.18,0.00048096606721381
"544","P55786",8.11,"NPEPPS","screen_C391_F__CRF",4.82,7.7e-07
"545","P14406",8.1,"COX7A2","PC_C391_E1_20x__PC_C391_F",-0.6,0.887648383319193
"546","P14406",8.1,"COX7A2","PC_C391_E10_20x__PC_C391_F",-0.32,0.995147428103226
"547","P14406",8.1,"COX7A2","PC_C391_E4_20x__PC_C391_F",-1.07,0.398998477338116
"548","P14406",8.1,"COX7A2","PC_C391_E6_20x__PC_C391_F",-1.33,0.210336755367912
"549","P14406",8.1,"COX7A2","PC_C391_E8_20x__PC_C391_F",-0.84,0.641874509136144
"550","P14406",8.1,"COX7A2","PC_C391_E9_20x__PC_C391_F",-0.08,0.999999278287963
"551","P14406",8.1,"COX7A2","PC_C391_F__CRF",3.86,0.00053035389695799
"552","P14406",8.1,"COX7A2","screen_C391_F__CRF",5.33,3.3e-07
"553","Q9BQE5",8.09,"Q9BQE5","PC_C391_E1_20x__PC_C391_F",-0.55,0.917068156978812
"554","Q9BQE5",8.09,"Q9BQE5","PC_C391_E10_20x__PC_C391_F",-0.53,0.926701085401892
"555","Q9BQE5",8.09,"Q9BQE5","PC_C391_E4_20x__PC_C391_F",-0.78,0.700620510126238
"556","Q9BQE5",8.09,"Q9BQE5","PC_C391_E6_20x__PC_C391_F",-1.17,0.306482696810317
"557","Q9BQE5",8.09,"Q9BQE5","PC_C391_E8_20x__PC_C391_F",-0.79,0.682672144745376
"558","Q9BQE5",8.09,"Q9BQE5","PC_C391_E9_20x__PC_C391_F",0.02,0.999999999875759
"559","Q9BQE5",8.09,"Q9BQE5","PC_C391_F__CRF",4.25,0.00024587170360368
"560","Q9BQE5",8.09,"Q9BQE5","screen_C391_F__CRF",6.64,NA
"561","O60658",8.06,"PDE8A","PC_C391_E1_20x__PC_C391_F",-0.67,0.699692607978291
"562","O60658",8.06,"PDE8A","PC_C391_E10_20x__PC_C391_F",-0.36,0.978131559100049
"563","O60658",8.06,"PDE8A","PC_C391_E4_20x__PC_C391_F",-1.05,0.275264361238666
"564","O60658",8.06,"PDE8A","PC_C391_E6_20x__PC_C391_F",-1.13,0.211947343392754
"565","O60658",8.06,"PDE8A","PC_C391_E8_20x__PC_C391_F",-0.83,0.50160043841439
"566","O60658",8.06,"PDE8A","PC_C391_E9_20x__PC_C391_F",-0.61,0.780530035450933
"567","O60658",8.06,"PDE8A","PC_C391_F__CRF",3.41,0.00042335495844492
"568","O60658",8.06,"PDE8A","screen_C391_F__CRF",NA,NA
"569","O75964",8.05,"ATP5MG","PC_C391_E1_20x__PC_C391_F",-0.54,0.901455283226367
"570","O75964",8.05,"ATP5MG","PC_C391_E10_20x__PC_C391_F",-0.28,0.996695862481476
"571","O75964",8.05,"ATP5MG","PC_C391_E4_20x__PC_C391_F",-1.01,0.386974757092153
"572","O75964",8.05,"ATP5MG","PC_C391_E6_20x__PC_C391_F",-1.12,0.287229840840972
"573","O75964",8.05,"ATP5MG","PC_C391_E8_20x__PC_C391_F",-0.69,0.752899765861213
"574","O75964",8.05,"ATP5MG","PC_C391_E9_20x__PC_C391_F",-0.14,0.99995953208179
"575","O75964",8.05,"ATP5MG","PC_C391_F__CRF",4.27,0.00015043219557664
"576","O75964",8.05,"ATP5MG","screen_C391_F__CRF",5.49,4.02e-06
"577","Q9H061",8.04,"TMEM126A","PC_C391_E1_20x__PC_C391_F",-0.54,0.741550339774636
"578","Q9H061",8.04,"TMEM126A","PC_C391_E10_20x__PC_C391_F",-0.64,0.592698823026062
"579","Q9H061",8.04,"TMEM126A","PC_C391_E4_20x__PC_C391_F",-0.9,0.254608524834776
"580","Q9H061",8.04,"TMEM126A","PC_C391_E6_20x__PC_C391_F",-1.28,0.0627030844796835
"581","Q9H061",8.04,"TMEM126A","PC_C391_E8_20x__PC_C391_F",-1.02,0.166748410815117
"582","Q9H061",8.04,"TMEM126A","PC_C391_E9_20x__PC_C391_F",-0.51,0.790420619232265
"583","Q9H061",8.04,"TMEM126A","PC_C391_F__CRF",3.15,0.0002183427127802
"584","Q9H061",8.04,"TMEM126A","screen_C391_F__CRF",4.44,2.6e-06
"585","P24390",8,"KDELR1","PC_C391_E1_20x__PC_C391_F",-0.31,0.984761966486005
"586","P24390",8,"KDELR1","PC_C391_E10_20x__PC_C391_F",-0.35,0.973363379541084
"587","P24390",8,"KDELR1","PC_C391_E4_20x__PC_C391_F",-0.69,0.610410756509596
"588","P24390",8,"KDELR1","PC_C391_E6_20x__PC_C391_F",-0.94,0.307817565440332
"589","P24390",8,"KDELR1","PC_C391_E8_20x__PC_C391_F",-0.81,0.450699189900286
"590","P24390",8,"KDELR1","PC_C391_E9_20x__PC_C391_F",-0.24,0.996999345749784
"591","P24390",8,"KDELR1","PC_C391_F__CRF",4.66,2.5389565721512e-05
"592","P24390",8,"KDELR1","screen_C391_F__CRF",5.64,9e-07
"593","O43169",8,"CYB5B","PC_C391_E1_20x__PC_C391_F",-0.65,0.672742319013237
"594","O43169",8,"CYB5B","PC_C391_E10_20x__PC_C391_F",-0.54,0.822845273637755
"595","O43169",8,"CYB5B","PC_C391_E4_20x__PC_C391_F",-1,0.261646739221174
"596","O43169",8,"CYB5B","PC_C391_E6_20x__PC_C391_F",-1.18,0.142120220230725
"597","O43169",8,"CYB5B","PC_C391_E8_20x__PC_C391_F",-0.67,0.643127719295691
"598","O43169",8,"CYB5B","PC_C391_E9_20x__PC_C391_F",-0.51,0.856542396849801
"599","O43169",8,"CYB5B","PC_C391_F__CRF",3.45,0.00024481218995842
"600","O43169",8,"CYB5B","screen_C391_F__CRF",4.31,4.535e-05
"601","P80303",7.98,"NUCB2","PC_C391_E1_20x__PC_C391_F",-0.59,0.850679555048739
"602","P80303",7.98,"NUCB2","PC_C391_E10_20x__PC_C391_F",-0.61,0.830847842066206
"603","P80303",7.98,"NUCB2","PC_C391_E4_20x__PC_C391_F",-1.05,0.340138849145706
"604","P80303",7.98,"NUCB2","PC_C391_E6_20x__PC_C391_F",-1.4,0.122713163483099
"605","P80303",7.98,"NUCB2","PC_C391_E8_20x__PC_C391_F",-0.73,0.695759408233872
"606","P80303",7.98,"NUCB2","PC_C391_E9_20x__PC_C391_F",-0.43,0.964484685764879
"607","P80303",7.98,"NUCB2","PC_C391_F__CRF",3.17,0.00118487025494407
"608","P80303",7.98,"NUCB2","screen_C391_F__CRF",5.83,4.353e-05
"609","Q6NVV3",7.92,"NIPAL1","PC_C391_E1_20x__PC_C391_F",-0.51,0.839055737880892
"610","Q6NVV3",7.92,"NIPAL1","PC_C391_E10_20x__PC_C391_F",-0.43,0.915502820865744
"611","Q6NVV3",7.92,"NIPAL1","PC_C391_E4_20x__PC_C391_F",-0.73,0.530601496994762
"612","Q6NVV3",7.92,"NIPAL1","PC_C391_E6_20x__PC_C391_F",-1.22,0.112901466676475
"613","Q6NVV3",7.92,"NIPAL1","PC_C391_E8_20x__PC_C391_F",-0.62,0.687655452928023
"614","Q6NVV3",7.92,"NIPAL1","PC_C391_E9_20x__PC_C391_F",-0.83,0.402949102298285
"615","Q6NVV3",7.92,"NIPAL1","PC_C391_F__CRF",3.58,0.00015366827570606
"616","Q6NVV3",7.92,"NIPAL1","screen_C391_F__CRF",NA,NA
"617","Q9Y2R0",7.91,"COA3","PC_C391_E1_20x__PC_C391_F",-0.73,0.552953019705227
"618","Q9Y2R0",7.91,"COA3","PC_C391_E10_20x__PC_C391_F",-0.48,0.887394157903535
"619","Q9Y2R0",7.91,"COA3","PC_C391_E4_20x__PC_C391_F",-0.91,0.341137252647863
"620","Q9Y2R0",7.91,"COA3","PC_C391_E6_20x__PC_C391_F",-1.45,0.0561471805691787
"621","Q9Y2R0",7.91,"COA3","PC_C391_E8_20x__PC_C391_F",-0.71,0.591887370596316
"622","Q9Y2R0",7.91,"COA3","PC_C391_E9_20x__PC_C391_F",-0.09,0.999995043140561
"623","Q9Y2R0",7.91,"COA3","PC_C391_F__CRF",3.54,0.00019590964710436
"624","Q9Y2R0",7.91,"COA3","screen_C391_F__CRF",6.64,0.00223177
"625","P55010",7.9,"EIF5","PC_C391_E1_20x__PC_C391_F",-0.72,0.665256113130283
"626","P55010",7.9,"EIF5","PC_C391_E10_20x__PC_C391_F",-0.42,0.95889520913384
"627","P55010",7.9,"EIF5","PC_C391_E4_20x__PC_C391_F",-0.83,0.530301607629322
"628","P55010",7.9,"EIF5","PC_C391_E6_20x__PC_C391_F",-1.23,0.177983574238866
"629","P55010",7.9,"EIF5","PC_C391_E8_20x__PC_C391_F",-0.89,0.461079690997619
"630","P55010",7.9,"EIF5","PC_C391_E9_20x__PC_C391_F",-0.52,0.896468461091947
"631","P55010",7.9,"EIF5","PC_C391_F__CRF",3.29,0.00068135627252607
"632","P55010",7.9,"EIF5","screen_C391_F__CRF",4.53,6.7e-07
"633","P55209",7.89,"NAP1L1","PC_C391_E1_20x__PC_C391_F",-0.75,0.544931719107535
"634","P55209",7.89,"NAP1L1","PC_C391_E10_20x__PC_C391_F",-0.45,0.917108701896967
"635","P55209",7.89,"NAP1L1","PC_C391_E4_20x__PC_C391_F",-0.75,0.548779276376315
"636","P55209",7.89,"NAP1L1","PC_C391_E6_20x__PC_C391_F",-1.19,0.142711383033976
"637","P55209",7.89,"NAP1L1","PC_C391_E8_20x__PC_C391_F",-0.95,0.308864065176843
"638","P55209",7.89,"NAP1L1","PC_C391_E9_20x__PC_C391_F",-0.58,0.775460690136933
"639","P55209",7.89,"NAP1L1","PC_C391_F__CRF",3.22,0.00041758949109527
"640","P55209",7.89,"NAP1L1","screen_C391_F__CRF",4.85,2.58e-06
"641","Q8NHP8",7.88,"PLBD2","PC_C391_E1_20x__PC_C391_F",-0.55,0.879765895300082
"642","Q8NHP8",7.88,"PLBD2","PC_C391_E10_20x__PC_C391_F",-0.71,0.713541765075269
"643","Q8NHP8",7.88,"PLBD2","PC_C391_E4_20x__PC_C391_F",-0.87,0.511833040707607
"644","Q8NHP8",7.88,"PLBD2","PC_C391_E6_20x__PC_C391_F",-1.27,0.174439431094554
"645","Q8NHP8",7.88,"PLBD2","PC_C391_E8_20x__PC_C391_F",-0.72,0.691948383171908
"646","Q8NHP8",7.88,"PLBD2","PC_C391_E9_20x__PC_C391_F",0.6,0.832239521606764
"647","Q8NHP8",7.88,"PLBD2","PC_C391_F__CRF",3.16,0.00112358555888159
"648","Q8NHP8",7.88,"PLBD2","screen_C391_F__CRF",4.39,4.707e-05
"649","Q13505",7.87,"MTX1","PC_C391_E1_20x__PC_C391_F",-0.58,0.900927088643616
"650","Q13505",7.87,"MTX1","PC_C391_E10_20x__PC_C391_F",-0.28,0.99788034462805
"651","Q13505",7.87,"MTX1","PC_C391_E4_20x__PC_C391_F",-1.12,0.363498424264744
"652","Q13505",7.87,"MTX1","PC_C391_E6_20x__PC_C391_F",-1.2,0.299104810851685
"653","Q13505",7.87,"MTX1","PC_C391_E8_20x__PC_C391_F",-0.82,0.665732069876127
"654","Q13505",7.87,"MTX1","PC_C391_E9_20x__PC_C391_F",-0.37,0.989949354810722
"655","Q13505",7.87,"MTX1","PC_C391_F__CRF",3.5,0.0011086809719959
"656","Q13505",7.87,"MTX1","screen_C391_F__CRF",4.72,6.192e-05
"657","Q96DY7",7.75,"MTBP","PC_C391_E1_20x__PC_C391_F",-0.56,0.905101547165494
"658","Q96DY7",7.75,"MTBP","PC_C391_E10_20x__PC_C391_F",-0.23,0.999277777552293
"659","Q96DY7",7.75,"MTBP","PC_C391_E4_20x__PC_C391_F",-0.74,0.739720048805683
"660","Q96DY7",7.75,"MTBP","PC_C391_E6_20x__PC_C391_F",-1.33,0.198593166404754
"661","Q96DY7",7.75,"MTBP","PC_C391_E8_20x__PC_C391_F",-0.75,0.729206289301667
"662","Q96DY7",7.75,"MTBP","PC_C391_E9_20x__PC_C391_F",-0.83,0.642445291946725
"663","Q96DY7",7.75,"MTBP","PC_C391_F__CRF",3.31,0.00139628012965176
"664","Q96DY7",7.75,"MTBP","screen_C391_F__CRF",3.57,9.041e-05
"665","Q9Y277",7.68,"VDAC3","PC_C391_E1_20x__PC_C391_F",-0.47,0.831705912355737
"666","Q9Y277",7.68,"VDAC3","PC_C391_E10_20x__PC_C391_F",-0.74,0.421425299030383
"667","Q9Y277",7.68,"VDAC3","PC_C391_E4_20x__PC_C391_F",-0.82,0.318767793903804
"668","Q9Y277",7.68,"VDAC3","PC_C391_E6_20x__PC_C391_F",-1.18,0.0850163568052201
"669","Q9Y277",7.68,"VDAC3","PC_C391_E8_20x__PC_C391_F",-0.84,0.300623368484666
"670","Q9Y277",7.68,"VDAC3","PC_C391_E9_20x__PC_C391_F",-0.51,0.773949432277279
"671","Q9Y277",7.68,"VDAC3","PC_C391_F__CRF",3.12,0.00020168873592219
"672","Q9Y277",7.68,"VDAC3","screen_C391_F__CRF",3.48,0.00519112
"673","P07602",7.58,"PSAP","PC_C391_E1_20x__PC_C391_F",-0.52,0.912591095030459
"674","P07602",7.58,"PSAP","PC_C391_E10_20x__PC_C391_F",-0.57,0.873556895700725
"675","P07602",7.58,"PSAP","PC_C391_E4_20x__PC_C391_F",-0.92,0.478036153261625
"676","P07602",7.58,"PSAP","PC_C391_E6_20x__PC_C391_F",-1.2,0.229216182268942
"677","P07602",7.58,"PSAP","PC_C391_E8_20x__PC_C391_F",-0.95,0.447779389090462
"678","P07602",7.58,"PSAP","PC_C391_E9_20x__PC_C391_F",-0.2,0.999529933469466
"679","P07602",7.58,"PSAP","PC_C391_F__CRF",3.22,0.00113413830636411
"680","P07602",7.58,"PSAP","screen_C391_F__CRF",4.35,NA
"681","Q9HD20",7.52,"ATP13A1","PC_C391_E1_20x__PC_C391_F",-0.4,0.96988598868727
"682","Q9HD20",7.52,"ATP13A1","PC_C391_E10_20x__PC_C391_F",-0.19,0.999580340212603
"683","Q9HD20",7.52,"ATP13A1","PC_C391_E4_20x__PC_C391_F",-0.65,0.766206100872748
"684","Q9HD20",7.52,"ATP13A1","PC_C391_E6_20x__PC_C391_F",-1.31,0.141914943838317
"685","Q9HD20",7.52,"ATP13A1","PC_C391_E8_20x__PC_C391_F",-0.85,0.50771677090515
"686","Q9HD20",7.52,"ATP13A1","PC_C391_E9_20x__PC_C391_F",-0.77,0.614253599545692
"687","Q9HD20",7.52,"ATP13A1","PC_C391_F__CRF",3.35,0.00062960553224
"688","Q9HD20",7.52,"ATP13A1","screen_C391_F__CRF",4.6,4e-08
"689","Q99733",7.5,"NAP1L4","PC_C391_E1_20x__PC_C391_F",-0.72,0.629988177993435
"690","Q99733",7.5,"NAP1L4","PC_C391_E10_20x__PC_C391_F",-0.38,0.971458824798532
"691","Q99733",7.5,"NAP1L4","PC_C391_E4_20x__PC_C391_F",-0.65,0.724509113634074
"692","Q99733",7.5,"NAP1L4","PC_C391_E6_20x__PC_C391_F",-1.17,0.180515785792929
"693","Q99733",7.5,"NAP1L4","PC_C391_E8_20x__PC_C391_F",-0.9,0.410496201247057
"694","Q99733",7.5,"NAP1L4","PC_C391_E9_20x__PC_C391_F",-0.54,0.853080852116532
"695","Q99733",7.5,"NAP1L4","PC_C391_F__CRF",3.14,0.00072651879224772
"696","Q99733",7.5,"NAP1L4","screen_C391_F__CRF",4.52,2.2e-06
"697","Q8WXF1",7.44,"PSPC1","PC_C391_E1_20x__PC_C391_F",-0.58,0.772885765026828
"698","Q8WXF1",7.44,"PSPC1","PC_C391_E10_20x__PC_C391_F",-0.56,0.803075621483063
"699","Q8WXF1",7.44,"PSPC1","PC_C391_E4_20x__PC_C391_F",-0.85,0.416225888489173
"700","Q8WXF1",7.44,"PSPC1","PC_C391_E6_20x__PC_C391_F",-1.12,0.174694887317962
"701","Q8WXF1",7.44,"PSPC1","PC_C391_E8_20x__PC_C391_F",-0.88,0.374208100675169
"702","Q8WXF1",7.44,"PSPC1","PC_C391_E9_20x__PC_C391_F",-0.37,0.967080747676128
"703","Q8WXF1",7.44,"PSPC1","PC_C391_F__CRF",3.08,0.00056385641283063
"704","Q8WXF1",7.44,"PSPC1","screen_C391_F__CRF",4.65,7.9e-07
"705","O60476",7.43,"MAN1A2","PC_C391_E1_20x__PC_C391_F",-0.56,0.800162464477103
"706","O60476",7.43,"MAN1A2","PC_C391_E10_20x__PC_C391_F",-0.51,0.855368706873928
"707","O60476",7.43,"MAN1A2","PC_C391_E4_20x__PC_C391_F",-0.77,0.511102515061248
"708","O60476",7.43,"MAN1A2","PC_C391_E6_20x__PC_C391_F",-1.01,0.253853422759524
"709","O60476",7.43,"MAN1A2","PC_C391_E8_20x__PC_C391_F",-0.63,0.703295594605703
"710","O60476",7.43,"MAN1A2","PC_C391_E9_20x__PC_C391_F",-0.81,0.462395696502001
"711","O60476",7.43,"MAN1A2","PC_C391_F__CRF",3.14,0.00048420719398067
"712","O60476",7.43,"MAN1A2","screen_C391_F__CRF",4.49,2.223e-05
"713","Q15075",7.31,"EEA1","PC_C391_E1_20x__PC_C391_F",-0.4,0.931553824205827
"714","Q15075",7.31,"EEA1","PC_C391_E10_20x__PC_C391_F",-0.69,0.550404332357828
"715","Q15075",7.31,"EEA1","PC_C391_E4_20x__PC_C391_F",-0.83,0.363486943813528
"716","Q15075",7.31,"EEA1","PC_C391_E6_20x__PC_C391_F",-1.08,0.153141251174722
"717","Q15075",7.31,"EEA1","PC_C391_E8_20x__PC_C391_F",-0.81,0.385793843481581
"718","Q15075",7.31,"EEA1","PC_C391_E9_20x__PC_C391_F",-0.49,0.837297509740599
"719","Q15075",7.31,"EEA1","PC_C391_F__CRF",3.01,0.00039315621573654
"720","Q15075",7.31,"EEA1","screen_C391_F__CRF",3.39,1.087e-05
"721","P05783",7.19,"KRT18","PC_C391_E1_20x__PC_C391_F",-0.5,0.939592441470805
"722","P05783",7.19,"KRT18","PC_C391_E10_20x__PC_C391_F",-0.39,0.980875557283495
"723","P05783",7.19,"KRT18","PC_C391_E4_20x__PC_C391_F",-0.85,0.595406932057121
"724","P05783",7.19,"KRT18","PC_C391_E6_20x__PC_C391_F",-1.13,0.308877123562606
"725","P05783",7.19,"KRT18","PC_C391_E8_20x__PC_C391_F",-0.74,0.715706332455769
"726","P05783",7.19,"KRT18","PC_C391_E9_20x__PC_C391_F",0.03,0.999999999617743
"727","P05783",7.19,"KRT18","PC_C391_F__CRF",3.55,0.00071405445473671
"728","P05783",7.19,"KRT18","screen_C391_F__CRF",5.89,5.5e-07
"729","Q6DKK2",7.15,"TTC19","PC_C391_E1_20x__PC_C391_F",-0.52,0.841241571599032
"730","Q6DKK2",7.15,"TTC19","PC_C391_E10_20x__PC_C391_F",-0.61,0.728481310384121
"731","Q6DKK2",7.15,"TTC19","PC_C391_E4_20x__PC_C391_F",-0.86,0.392170622506608
"732","Q6DKK2",7.15,"TTC19","PC_C391_E6_20x__PC_C391_F",-1.23,0.117715998020018
"733","Q6DKK2",7.15,"TTC19","PC_C391_E8_20x__PC_C391_F",-0.76,0.51736440292821
"734","Q6DKK2",7.15,"TTC19","PC_C391_E9_20x__PC_C391_F",-0.19,0.999076894565295
"735","Q6DKK2",7.15,"TTC19","PC_C391_F__CRF",2.98,0.00065043492840832
"736","Q6DKK2",7.15,"TTC19","screen_C391_F__CRF",3.86,8.57e-06
"737","Q14257",7.14,"RCN2","PC_C391_E1_20x__PC_C391_F",-0.45,0.959234768866281
"738","Q14257",7.14,"RCN2","PC_C391_E10_20x__PC_C391_F",-0.44,0.963250042034443
"739","Q14257",7.14,"RCN2","PC_C391_E4_20x__PC_C391_F",-0.79,0.65978407373736
"740","Q14257",7.14,"RCN2","PC_C391_E6_20x__PC_C391_F",-0.96,0.463546610592392
"741","Q14257",7.14,"RCN2","PC_C391_E8_20x__PC_C391_F",-0.82,0.615194846298872
"742","Q14257",7.14,"RCN2","PC_C391_E9_20x__PC_C391_F",-0.08,0.999999493746452
"743","Q14257",7.14,"RCN2","PC_C391_F__CRF",3.6,0.00061762157151645
"744","Q14257",7.14,"RCN2","screen_C391_F__CRF",5.71,6.6e-07
"745","P43307",7.07,"SSR1","PC_C391_E1_20x__PC_C391_F",-0.42,0.934079124341686
"746","P43307",7.07,"SSR1","PC_C391_E10_20x__PC_C391_F",-0.61,0.739635625853013
"747","P43307",7.07,"SSR1","PC_C391_E4_20x__PC_C391_F",-0.81,0.462060963885598
"748","P43307",7.07,"SSR1","PC_C391_E6_20x__PC_C391_F",-1.18,0.144002499184893
"749","P43307",7.07,"SSR1","PC_C391_E8_20x__PC_C391_F",-0.71,0.592127652786085
"750","P43307",7.07,"SSR1","PC_C391_E9_20x__PC_C391_F",-0.23,0.99772686219794
"751","P43307",7.07,"SSR1","PC_C391_F__CRF",3.11,0.00052516120050649
"752","P43307",7.07,"SSR1","screen_C391_F__CRF",5.76,0.00686579
"753","Q8WUJ1",7.04,"CYB5D2","PC_C391_E1_20x__PC_C391_F",-0.41,0.642621904069488
"754","Q8WUJ1",7.04,"CYB5D2","PC_C391_E10_20x__PC_C391_F",-0.09,0.999793420915925
"755","Q8WUJ1",7.04,"CYB5D2","PC_C391_E4_20x__PC_C391_F",-0.61,0.252791338169033
"756","Q8WUJ1",7.04,"CYB5D2","PC_C391_E6_20x__PC_C391_F",-0.88,0.0583328562825719
"757","Q8WUJ1",7.04,"CYB5D2","PC_C391_E8_20x__PC_C391_F",-0.26,0.935792730872414
"758","Q8WUJ1",7.04,"CYB5D2","PC_C391_E9_20x__PC_C391_F",-0.51,0.415235136032901
"759","Q8WUJ1",7.04,"CYB5D2","PC_C391_F__CRF",4.28,1.09734511666293e-06
"760","Q8WUJ1",7.04,"CYB5D2","screen_C391_F__CRF",6.43,NA
"761","P08183",6.86,"ABCB1","PC_C391_E1_20x__PC_C391_F",-0.5,0.980148673697845
"762","P08183",6.86,"ABCB1","PC_C391_E10_20x__PC_C391_F",-0.68,0.915953663523392
"763","P08183",6.86,"ABCB1","PC_C391_E4_20x__PC_C391_F",-1.11,0.559797658027506
"764","P08183",6.86,"ABCB1","PC_C391_E6_20x__PC_C391_F",-0.75,0.871904040975909
"765","P08183",6.86,"ABCB1","PC_C391_E8_20x__PC_C391_F",-0.61,0.949919894016783
"766","P08183",6.86,"ABCB1","PC_C391_E9_20x__PC_C391_F",-0.24,0.999758339942775
"767","P08183",6.86,"ABCB1","PC_C391_F__CRF",2.97,0.0112104380993472
"768","P08183",6.86,"ABCB1","screen_C391_F__CRF",4.13,5.12e-06
"769","P08670",6.72,"VIM","PC_C391_E1_20x__PC_C391_F",-0.47,0.957437507846992
"770","P08670",6.72,"VIM","PC_C391_E10_20x__PC_C391_F",-0.47,0.957577069004552
"771","P08670",6.72,"VIM","PC_C391_E4_20x__PC_C391_F",-0.73,0.748288966004187
"772","P08670",6.72,"VIM","PC_C391_E6_20x__PC_C391_F",-1.19,0.287411015633027
"773","P08670",6.72,"VIM","PC_C391_E8_20x__PC_C391_F",-0.76,0.71673637151658
"774","P08670",6.72,"VIM","PC_C391_E9_20x__PC_C391_F",-0.06,0.999999895092234
"775","P08670",6.72,"VIM","PC_C391_F__CRF",3.04,0.00247580756126931
"776","P08670",6.72,"VIM","screen_C391_F__CRF",5.49,4.5e-07
"777","P50897",6.57,"PPT1","PC_C391_E1_20x__PC_C391_F",-0.35,0.981078267399959
"778","P50897",6.57,"PPT1","PC_C391_E10_20x__PC_C391_F",-0.37,0.974917234772515
"779","P50897",6.57,"PPT1","PC_C391_E4_20x__PC_C391_F",-0.85,0.482492000247023
"780","P50897",6.57,"PPT1","PC_C391_E6_20x__PC_C391_F",-1.06,0.275165805291966
"781","P50897",6.57,"PPT1","PC_C391_E8_20x__PC_C391_F",-0.68,0.700166328510312
"782","P50897",6.57,"PPT1","PC_C391_E9_20x__PC_C391_F",0.08,0.999998136028998
"783","P50897",6.57,"PPT1","PC_C391_F__CRF",3.18,0.00076092913516712
"784","P50897",6.57,"PPT1","screen_C391_F__CRF",4.41,8.52e-06
"785","O95831",5.91,"AIFM1","PC_C391_E1_20x__PC_C391_F",0,1
"786","O95831",5.91,"AIFM1","PC_C391_E10_20x__PC_C391_F",-0.52,0.887224007021848
"787","O95831",5.91,"AIFM1","PC_C391_E4_20x__PC_C391_F",-0.67,0.728380703774561
"788","O95831",5.91,"AIFM1","PC_C391_E6_20x__PC_C391_F",-0.63,0.775726917034832
"789","O95831",5.91,"AIFM1","PC_C391_E8_20x__PC_C391_F",-0.64,0.766821324699754
"790","O95831",5.91,"AIFM1","PC_C391_E9_20x__PC_C391_F",-0.42,0.956961230910374
"791","O95831",5.91,"AIFM1","PC_C391_F__CRF",3.03,0.00117497771494657
"792","O95831",5.91,"AIFM1","screen_C391_F__CRF",5.18,2.7e-07
"793","O43676",5.66,"NDUFB3","PC_C391_E1_20x__PC_C391_F",-0.32,0.982141921478663
"794","O43676",5.66,"NDUFB3","PC_C391_E10_20x__PC_C391_F",-0.17,0.99963425733106
"795","O43676",5.66,"NDUFB3","PC_C391_E4_20x__PC_C391_F",-0.68,0.637860898378694
"796","O43676",5.66,"NDUFB3","PC_C391_E6_20x__PC_C391_F",-0.78,0.492046731760109
"797","O43676",5.66,"NDUFB3","PC_C391_E8_20x__PC_C391_F",-0.58,0.76996811806855
"798","O43676",5.66,"NDUFB3","PC_C391_E9_20x__PC_C391_F",0.1,0.999991613892789
"799","O43676",5.66,"NDUFB3","PC_C391_F__CRF",3.03,0.00060895369501945
"800","O43676",5.66,"NDUFB3","screen_C391_F__CRF",4.93,NA
