fid,smiles,tert_amine,proj_x,proj_y,sign_0,sign_1,sign_2,sign_3,sign_4,sign_5,sign_6,sign_7,sign_8,sign_9
C001,C#CCCC1(CCC(=O)N2C3CCC2CC(O)(Cc2ccccc2)C3)N=N1,0,-4.228494,-7.2768726,0.0,0.0,0.0908071007992538,0.0071433501082125,0.0018683685454668,0.0,0.0606872254327806,0.0112063639750629,0.099257896920046,0.0
C002,C#CCCC1(CCC(=O)Nc2cc(S(N)(=O)=O)ccc2-n2cc(C)cn2)N=N1,0,6.280334,-2.06531,0.0643148318362978,0.0,0.042562741585474,0.0,0.9477168297231542,0.0,0.0,0.0,0.5917029438786174,0.0
C003,C#CCCC1(CCNC(=O)COc2ccc3c(C)c(C)c(=O)oc3c2C)N=N1,0,-5.7494226,-10.303439,0.0,0.0,0.0,0.0,0.1473498021228138,0.041484077442057,0.0,0.1853113030290626,0.0089387619830882,0.0252765854356196
C004,C#CCCC1(CCC(=O)N2CCc3ccsc3C2c2cscn2)N=N1,0,-5.8181086,15.65294,0.0,0.4798733360006697,0.0739840600496182,0.0,0.0,0.0,0.048472056158657,0.0,0.5292476740237194,0.0
C006,C#CCCC1(CCNC(=O)C2CCc3nnn(C4CCCC4)c3C2)N=N1,0,-3.118028,13.006585,0.0,0.4022872146195063,0.0,0.0,0.0259627914200169,0.0,0.0,0.0,0.1141545270481565,0.0
C007,C#CCCC1(CCC(=O)NC(C)c2cnc(C(F)(F)F)s2)N=N1,0,-6.2741857,-1.8173903,0.0597562155631063,0.0,0.0456841980502785,0.1712889901391007,0.0,0.0,0.0995885373819118,0.0,0.0,0.0
C008,C#CCCC1(CCNC(=O)c2oc(C(C)(C)C)nc2C(F)F)N=N1,0,-1.1485933,-1.9886726,0.0198177775877657,0.0,0.4071733656065042,0.0618825795794563,0.0,0.0,0.2016762714302093,0.0182267505513823,0.2273991267912838,0.0
C009,C#CCCC1(CCC(=O)NC(C(=O)N2CCCCC2)C(C)C)N=N1,0,-1.4809291,-3.6289868,0.0259241692381646,0.0,0.0040240063596148,0.1132543717478896,0.0475442636847589,0.0,0.0616994668594192,0.0,0.1398001618231775,0.0
C010,C#CCCC1(CCNC(=O)Cc2c(C(F)(F)F)coc2C)N=N1,0,-8.134253,-2.74197,0.0,0.0,0.1522974492681508,0.0685900695786665,0.0,0.010142146507411,0.129127368865567,0.0,0.0121754279099277,0.0
C011,C#CCCC1(CCNC(=O)C2(c3ccccc3C#N)CCC2)N=N1,0,-12.937629,-0.67111266,0.0205079017985875,0.3029961174507664,0.4948212724063556,0.0879953590566633,0.0,0.0,0.4085356575907387,0.0381241913324153,0.0459785863569493,0.0
C012,C#CCCC1(CCNC(=O)[C@H]2OCCO[C@H]2C(F)(F)F)N=N1,0,7.108925,-14.122762,0.0,0.0,0.5775483347555966,0.01694957182847,0.0,0.0,0.0233458038886228,0.0,0.0408118094260135,0.0
C013,C#CCCC1(CCC(=O)N2CCOC(Cn3cncn3)C2)N=N1,0,7.243536,-0.54190254,0.0175108900409867,0.3346665546151615,0.0,0.0,0.8380518294301855,0.0,0.0603746763338359,0.0,0.3041271147123963,0.0
C014,C#CCCC1(CCC(=O)NCCc2cn3c(n2)CCC3)N=N1,0,7.3191223,-13.863774,0.0078816619542381,0.0,0.5805651220545778,0.0,0.0,0.0,0.0171568355142983,0.0,0.0046143982396399,0.0
C015,C#CCCC1(CCC(=O)NC2CC3CCC2N(C)C3)N=N1,1,6.358302,-13.67182,0.0801439158419715,0.0,0.5141269158579834,0.0,0.0,0.0,0.0,0.0151954275061395,0.1911314356244509,0.0
C017,C#CCCC1(CCC(=O)Nc2ccc3c(c2)nc(C)n3C2(CO)CCC2)N=N1,0,3.1389425,-6.8511367,0.2186271922106086,0.0187313685084856,0.0,0.0,0.0,0.0,0.0,0.0,0.7256521136522843,0.2430120762970185
C018,C#CCCC1(CCC(=O)Nc2ccc(F)cc2Cn2ccsc2=O)N=N1,0,-8.050225,-11.309514,0.0,0.0979028497795648,0.1620430316106481,0.0814660458441645,0.006263368334485,0.0160290994994948,0.0,0.4390021014268325,0.0786293344297645,0.0
C020,C#CCCC1(CCC(=O)N(C)C2CS(=O)(=O)C23CCOCC3)N=N1,0,-1.1958343,2.6591218,0.0150203139548653,0.0,0.0,0.4016247068646367,0.0,0.0,0.0,0.0,0.0,0.0
C021,C#CCCC1(CCNC(=O)c2sccc2NS(C)(=O)=O)N=N1,0,-3.4591825,-0.82140803,0.0,0.1132837404537735,0.0715762565864531,0.1896233778945059,0.0138259405781282,0.0128498621594703,0.0,0.0577697355104942,0.0,0.0
C022,C#CCCC1(CCNC(=O)C(C)(C)Oc2ccc(Cl)cc2)N=N1,0,7.1624646,13.897322,0.376925225788468,0.0,0.2028036879365048,0.0,0.0063867483530377,0.0124382997869813,0.6221127820884349,0.0,0.0,0.0
C023,C#CCCC1(CCC(=O)N2CCCC3(CCCCO3)C2C#N)N=N1,0,16.59331,0.522116,0.0,0.180873253261158,0.0442621189143868,0.087620168892835,0.0,0.4313086097824946,0.0,0.0,0.1847329924654394,0.0
C024,C#CCCC1(CCNC(=O)c2c(C)nn(CC(F)F)c2C)N=N1,0,-0.27415133,-11.481906,0.0,0.0171799116310223,0.2986378222526399,0.3063609612263449,0.0195923151974993,0.0,0.0,0.173629706849694,0.136658837044398,0.0
C025,C#CCCC1(CCC(=O)NCc2nnc(C(C)(C)C)s2)N=N1,0,2.0388103,-6.220949,0.0228264298309244,0.0,0.0368428525713931,0.0,0.0,0.0,0.0027002269302824,0.0,0.3860970656718834,0.0
C026,C#CCCC1(CCC(=O)NC2c3cccc(F)c3OC2C)N=N1,0,-12.130467,-0.8347926,0.1034689702989448,0.0,0.2844717983663847,0.0979013721388121,0.0,0.0,0.3816884661737443,0.0,0.0,0.0
C027,C#CCCC1(CCNC(=O)c2ccnc3nccnc23)N=N1,0,-10.593714,-2.1169288,0.1017903546534856,0.0188599600278165,0.0,0.0111802255692247,0.2538426078970251,0.0,0.1807588805695302,0.0,0.0,0.0
C028,C#CCCC1(CCC(=O)N2CCCCC2c2nnc(CC(F)(F)F)o2)N=N1,0,2.1375365,-1.8900272,0.0,0.0,0.0,0.2311096090900792,0.0,0.0,0.0,0.0,0.3982240148782223,0.0
C029,C#CCCC1(CCNC(=O)C2CCN(Cc3ccccc3)CC2(F)F)N=N1,1,-5.6639423,-4.38969,0.0072984451872941,0.0,0.0308741286065424,0.0785668107797203,0.0025678186386803,0.0195298150660349,0.0,0.0448882652716926,0.0294927665070089,0.0
C030,C#CCCC1(CCC(=O)NC[C@H]2C[C@H](c3n[nH]c(=O)n3C)C[C@H]2O)N=N1,0,-4.8560157,4.930139,0.0,0.0,0.0,0.3899665448824109,0.0,0.0398025213983688,0.0,0.6114284585106178,0.0,0.0
C031,C#CCCC1(CCC(=O)NC2C3CC4CC2CC(NC(C)=O)(C4)C3)N=N1,0,-4.2889442,5.0649824,0.0,0.0,0.0,0.7751806300034428,0.0,0.0,0.0,0.4930558732626613,0.0,0.0
C032,C#CCCC1(CCC(=O)NCc2ccccc2S(=O)(=O)NC)N=N1,0,6.817694,-0.116863616,0.0,0.0,0.0,0.0223068676980892,0.9700342060567912,0.0,0.0,0.0,0.0,0.0
C033,C#CCCC1(CCNC(=O)C2CC3(C)CCCN3S2(=O)=O)N=N1,0,-1.2901685,3.8722112,0.0,0.0,0.0245045312777925,0.4435231172447136,0.0012382516503747,0.0,0.0,0.1102548715356551,0.0,0.0
C034,C#CCCC1(CCC(=O)N2CCCN(CC(=O)NCC)CC2)N=N1,1,-4.408819,5.179257,0.0,0.0,0.0,0.490915965435486,0.0,0.0,0.0,0.5762259345991119,0.0,0.0
C035,C#CCCC1(CCNC(=O)C(C)Cn2ccc3ccccc32)N=N1,0,-4.4194775,5.1315126,0.0,0.0,0.0,0.6119099074607329,0.0,0.0,0.0,0.5314511805533192,0.0,0.0
C036,C#CCCC1(CCNC(=O)C23CCC(N(C)C)(CC2)CC3)N=N1,1,8.2924,-15.122802,0.0,0.0008182120378503,0.8791059542512422,0.0,0.0,0.0001356060022891,0.0,0.0,0.0226290949736171,0.0
C037,C#CCCC1(CCC(=O)NC2(CS(C)(=O)=O)COC2)N=N1,0,14.740444,4.6252465,0.0,0.3608930883523386,0.0150812052110354,0.0,0.1548919659314191,0.2210919143881053,0.0,0.082276543656409,0.0,0.1095645954063158
C038,C#CCCC1(CCC(=O)NC(CC(C)C)c2nc[nH]n2)N=N1,0,-1.4996772,-6.750211,0.0,0.0216977170421463,0.0,0.0409096192015862,0.1348750489140817,0.0091821906280624,0.0,0.0,0.1673119166336128,0.0
C039,C#CCCC1(CCC(=O)N2CCC3(CC2)CC3c2nnc(-c3cccc(F)c3)o2)N=N1,0,-6.414752,15.157639,0.0843542965385008,0.4957987049607781,0.014100460984362,0.0564426658449994,0.0,0.0293980485004042,0.2259124909802483,0.0,0.4894067580405481,0.0077973837765374
C040,C#CCCC1(CCC(=O)Nc2cc(C)n(Cn3nc(C(F)(F)F)cc3C)n2)N=N1,0,8.574079,10.456309,0.4733380921905653,0.0,0.0,0.0,0.1797529465011657,0.0,0.0,0.0,0.1269076615488966,0.7307349729619589
C041,C#CCCC1(CCNC(=O)C2(S(=O)(=O)c3ccc(C)cc3)CCCC2)N=N1,0,-2.105187,-10.546931,0.0385241137849021,0.0021265534567799,0.2098717393433502,0.0,0.0218184719759501,0.0,0.0661663558836669,0.161275914628712,0.1478323474620834,0.0
C042,C#CCCC1(CCC(=O)N2CCCC(N3C(=O)CC4(CCCC4)C3=O)C2)N=N1,0,0.1773456,0.17828979,0.0,0.0831854224046933,0.0,0.285582868994548,0.0,0.0133258225828909,0.0,0.0,0.1666491898220821,0.0
C044,C#CCCC1(CCC(=O)NC(C)c2cnn(-c3ccc(C#N)cc3)c2C)N=N1,0,-5.0211897,13.854694,0.0,0.3687853557535852,0.0132349132953578,0.0,0.0,0.0,0.0199454381986824,0.0,0.1846718777240751,0.0
C045,C#CCCC1(CCC(=O)NCC2(N3CCN(C(C)C)CC3)CCCC2)N=N1,1,8.894186,-15.1213875,0.0,0.0,0.9142744129276892,0.0,0.0012943166260201,0.0012762883383303,0.0,0.0,0.0,0.0
C046,C#CCCC1(CCNC(=O)C2CS(=O)C3c4ccccc4C(=O)N23)N=N1,0,-1.4160744,7.199075,0.0004224969430792,0.3476648753131336,0.0,0.4693255416532582,0.0,0.0185145118857976,0.0,0.0,0.0,0.0
C048,C#CCCC1(CCC(=O)NCC(c2nnc3ccc(C)nn23)C(C)C)N=N1,0,-4.024531,-3.693129,0.0,0.0167493493141503,0.0492011907951173,0.0294644530086057,0.0687672835974796,6.037863307975026e-05,0.0603631740771057,0.0027143995920535,0.0522631062187005,0.0117779799436557
C049,C#CCCC1(CCC(=O)NC(C)c2oc3c(OC)cc(C)cc3c2C)N=N1,0,8.357333,12.9262085,0.6084023526101953,0.0136655747948291,0.0,0.0,0.0,0.0,0.1799228262288734,0.4462985485280598,0.0,0.1400959476225121
C050,C#CCCC1(CCC(=O)NC2(c3ccnc(S(C)(=O)=O)n3)CC2)N=N1,0,-4.424504,-1.4055547,0.0,0.0,0.0,0.1611666597920351,0.0322895546904954,0.0406349186881551,0.0,0.03150688938413,0.0109056060045819,0.0
C051,C#CCCC1(CCC(=O)Nc2cccc(C(O)CC(F)(F)F)c2)N=N1,0,5.6760454,0.8207238,0.0627875434835712,0.0,0.0381996884817706,0.0130493754618333,0.6832327624009804,0.0,0.0113053485363472,0.0718621602566737,0.1062223959172874,0.0
C052,C#CCCC1(CCNC(=O)c2cc(-c3ccc4c(c3)CCO4)no2)N=N1,0,-5.4361014,-12.090069,0.0415484598914275,0.0442647109891111,0.0,0.0,0.0216579982576917,0.0649441452300145,0.0,0.3431829451516771,0.3978921564252417,0.0
C053,C#CCCC1(CCC(=O)N2CCc3ccc(Cl)c(Cl)c3C2)N=N1,0,8.519747,12.974143,0.5396146691800731,0.0198946795786754,0.0,0.0,0.0,0.0,0.2886909423134386,0.5637729622897625,0.1333878921227144,0.0
C054,C#CCCC1(CCC(=O)N2CC(NC(=O)NC(C)C)C(OC)C2)N=N1,0,-2.0311465,2.672489,0.033795621491221,0.0,0.0,0.4722453096565331,0.0,0.0191497595425087,0.0,0.0,0.0,0.0
C055,C#CCCC1(CCC(=O)NCC(F)(F)c2[nH]nc3c2CCCC3)N=N1,0,7.4818373,5.889795,0.0,0.0,0.0,0.0201450572665119,0.5203053236108708,0.0,0.0181552092848807,0.0,0.0,1.1151328671039549
C056,C#CCCC1(CCNC(=O)c2c[nH]nc2-c2cc3ccccc3o2)N=N1,0,7.8890195,7.4770765,0.0204596371660477,0.0,0.0,0.0,0.0,0.0,0.0,0.0,0.0,1.6149539979068777
C057,C#CCCC1(CCC(=O)NC[C@@H]2COC[C@H]2n2cc(CO)nn2)N=N1,0,17.695274,0.60963434,0.0028518248040974,0.1176353558679973,0.0,0.0,0.1152616314634249,0.4306159407312557,0.0,0.1634703572659202,0.0,0.0
C058,C#CCCC1(CCNC(=O)CC2(C(F)(F)F)CCC(=O)NC2)N=N1,0,-2.7061672,-7.8210855,0.0,0.0,0.0,0.0349055260712069,0.0,0.0093865771943437,0.0,0.0846347935565716,0.1039268395349484,0.0992597499803435
C059,C#CCCC1(CCNC(=O)C23CC4(C)CC(C)(CC(O)(C4)C2)C3)N=N1,0,-0.2637688,3.0270753,0.0,0.0,0.0,0.433386874420878,0.0,0.0,0.0,0.0426371892393502,0.0194491067079349,0.0
C060,C#CCCC1(CCC(=O)NCC23CC4CC(C2)CC(OC)(C4)C3)N=N1,0,1.6631178,-4.5441837,0.07706535947675,0.0,0.0489980706558251,0.0292313591100154,0.0,0.0,0.1312304574067991,0.0,0.2781655233214169,0.0
C061,C#CCCC1(CCNC(=O)C(C)S(=O)(=O)C2CCOCC2)N=N1,0,-2.8289475,-7.083087,0.0,0.0,0.0720256045803287,0.0,0.0340776213559789,0.028429244065235,0.0,0.0533875144971039,0.1529851912790605,0.0
C062,C#CCCC1(CCC(=O)N2CC3CC2C3c2ocnc2C(N)=O)N=N1,0,14.710448,-0.3782547,0.0,0.2836346130534297,0.0,0.5020013675939337,0.0,0.3486145740799599,0.0,0.0,0.0,0.0
C063,C#CCCC1(CCNC(=O)[C@@H]2C[C@H]2c2nn(C)c3ccccc23)N=N1,0,-10.899333,1.1295689,0.0,0.0269372040705637,0.0,0.0,0.0886039859070545,0.0039124323073096,0.655164386043672,0.0053686857666155,0.0425866766645866,0.1046971769264674
C064,C#CCCC1(CCNC(=O)Cn2nc(C(F)F)c3c2CCC3)N=N1,0,-0.9987365,3.2482498,0.0,0.0,0.0371807915112363,0.378004253461806,0.0011242085145876,0.0,0.0,0.0484918675046498,0.0,0.0091876702312156
C065,C#CCCC1(CCNC(=O)CNC(=O)c2cc(F)cc(F)c2)N=N1,0,1.3084025,-0.32044902,0.0,0.0,0.0,0.3852451526481535,0.0,0.0,0.0,0.0,0.2255142046730375,0.0230756671041603
C066,C#CCCC1(CCC(=O)N2[C@H](C(=O)N(C)C)C[C@@H]3OCC[C@@H]32)N=N1,0,15.253846,-0.9545387,0.0,0.0,0.0,0.5250537180796849,0.0,0.4028709802887597,0.0,0.0342623593385375,0.0,0.0
C067,C#CCCC1(CCNC(=O)C2CCC(OC(F)(F)F)CC2)N=N1,0,7.942603,13.744164,0.5218954138623445,0.0,0.059639940919856,0.0,0.0,0.0,0.4912805777344329,0.0,0.0,0.0
C068,C#CCCC1(CCC(=O)NC2CCN(C3CCCCC3)C2=O)N=N1,0,1.0837165,-4.507139,0.051088240496362,0.0,0.0439741994771468,0.0,0.0,0.0,0.0728470780560117,0.0,0.2476789024119112,0.0
C069,C#CCCC1(CCC(=O)N2CC3CC2CC3(O)C(F)(F)F)N=N1,0,1.1546485,-3.8075736,0.0644141987199334,0.0098556031259971,0.0,0.0997963585206802,0.0,0.0,0.1455484004889937,0.0,0.1334041661306886,0.0
C070,C#CCCC1(CCNC(=O)c2sc(C3CC3)nc2C2CC2)N=N1,0,-11.728466,2.2005236,0.0339551585019482,0.0,0.2940631150466317,0.0,0.2682759899015908,0.0,0.6717861963054129,0.3369954536684169,0.0,0.0
C071,C#CCCC1(CCNC(=O)Cc2csc(-c3ccoc3)n2)N=N1,0,-9.4408655,-2.441208,0.0,0.0,0.0540992280659752,0.0,0.2010631889690177,0.0,0.1641578231517196,0.0,0.0259791648257327,0.0
C072,C#CCCC1(CCNC(=O)Cc2ccc(-n3cccc3)cc2)N=N1,0,7.828387,12.046232,0.2773272324947288,0.0,0.0527148449056201,0.0,0.2009872076100798,0.0002548489381896,0.3605170197383738,0.0,0.0,0.3668281592498842
C073,C#CCCC1(CCC(=O)N2C[C@H]3CN(C)CC[C@@]3(CO)C2)N=N1,1,9.061973,-15.211493,0.0,0.0,0.8900366399233614,0.0,0.0,0.0152610409275274,0.0125295817465854,0.0,0.0,0.0
C074,C#CCCC1(CCC(=O)N2CCC(O)(c3c[nH]nn3)CC2)N=N1,0,-2.2972546,-3.2135906,0.0,0.0134895364108643,0.0142316700151912,0.1476595722418341,0.0120783475411173,0.0023017174010686,0.0361557911211997,0.0,0.057474575462786,0.0
C075,C#CCCC1(CCC(=O)NC(C2CC2(C)C)C(F)(F)F)N=N1,0,6.764997,-12.851478,0.1006436458430602,0.0,0.3394437048563902,0.0,0.0,0.0,0.0,0.034543972284087,0.0,0.0
C076,C#CCCC1(CCC(=O)NCCNC(=O)c2cnccn2)N=N1,0,-2.9847705,3.6710598,0.0,0.0,0.0,0.7001252279017111,0.0,0.0,0.0,0.0202796683009876,0.0,0.0
C077,C#CCCC1(CCC(=O)NCc2cc(O)n3nccc3n2)N=N1,0,7.325784,0.3775868,0.0,0.2066370545603493,0.1735079997082078,0.0,1.1179267951991805,0.0,0.0,0.0,0.0,0.0
C078,C#CCCC1(CCNC(=O)c2nccc3ccn(C)c23)N=N1,0,9.915885,-11.986371,0.0,0.5232446725172027,0.6104849341684717,0.0,0.0,0.0799145519833859,0.0,0.02945847990656,0.0,0.0
C079,C#CCCC1(CCNC(=O)[C@H]2CC[C@@H](CN(C)C)O2)N=N1,1,8.083941,-13.859302,0.0,0.0,0.6930077993652679,0.0,0.0,0.0071448511755314,0.0,0.0084751008276391,0.0,0.0
C080,C#CCCC1(CCC(=O)NCCn2cnnc2CC)N=N1,0,-1.7490749,4.599619,0.0,0.0217194230017837,0.0,0.3275748227042196,0.0,0.0,0.0,0.223856278659039,0.0,0.0
C081,C#CCCC1(CCC(=O)N2CCOCC2c2c(C)nn(CC(F)(F)F)c2C)N=N1,0,-1.4724118,2.0387602,0.0128242044090825,0.0656656111986316,0.0,0.4258217499379121,0.0212969826302534,0.0486173217437427,0.0022434437513697,0.0,0.0408529110370394,0.0140655696521888
C082,C#CCCC1(CCC(=O)Nc2cc(S(=O)(=O)N(CC)CC)cc(C)c2C)N=N1,0,3.1402397,-7.59718,0.0761547039114888,0.0,0.0038541438304012,0.0,0.0,0.0,0.3358186933062307,0.0322351980228418,0.539152495581532,0.0
C083,C#CCCC1(CCNC(=O)C(c2ccccc2)n2sc3ccccc3c2=O)N=N1,0,-1.6244428,-4.2977695,0.0008639001104514,0.0036416774528698,0.0186803385271017,0.0500931509025862,0.0605853790708482,0.0,0.0496344503206375,0.0171057710383719,0.0945992620420897,0.0
C084,C#CCCC1(CCNC(=O)c2cccc(S(=O)(=O)N3CCNC(=O)C3)c2)N=N1,0,16.20658,4.9865975,0.0,0.4034691122296773,0.0,0.0,0.0204682920986532,0.2093211251488445,0.0,0.0,0.5303343692520883,0.0
C085,C#CCCC1(CCNC(=O)CC23CC4CC(C2)CC(n2nnc(C)n2)(C4)C3)N=N1,0,0.119945906,-0.27099308,0.0,0.0603145968096654,0.0196961978864509,0.2493555209096288,0.0,0.0,0.0,0.0,0.1660160912807436,0.0
C086,C#CCCC1(CCC(=O)N2CCNC(=O)C2c2ccccc2C(F)(F)F)N=N1,0,-3.7792175,0.3026434,0.0,0.1383315435215199,0.0,0.2547065915481221,0.0,0.0838850026844382,0.0,0.0347915587825344,0.118072383662465,0.0
C087,C#CCCC1(CCNC(=O)c2nn(C)c3nc(-c4cn(C)nc4C)ccc23)N=N1,0,-6.288177,-12.711998,0.0,0.3996067138957399,0.0817959269276323,0.187644022242179,0.0,0.1066926381060728,0.0,0.7310409008037843,0.2988143660577493,0.0
C088,C#CCCC1(CCC(=O)NC2CCN(S(=O)(=O)C(C)C)CC2CC)N=N1,0,1.6192423,-1.7062584,0.0,0.0,0.0,0.2277702025967723,0.0,0.0,0.0,0.0,0.3078501937939839,0.0
C089,C#CCCC1(CCC(=O)N2Cc3cccnc3N3C[C@H](OCC)C[C@H]3C2)N=N1,0,-3.3705945,16.29602,0.0,0.454381121932879,0.0,0.3733429767500114,0.0,0.0,0.0,0.0155491379851915,0.3270555411161429,0.0
C091,C#CCCC1(CCC(=O)Nc2cc(F)cc(N3C[C@@H](C)O[C@@H](C)C3)c2)N=N1,0,7.234623,8.285864,0.2180340328143922,0.0,0.0,0.0027537332533397,0.0,0.0005577604128296,0.0376576435124469,0.0,0.0993007736409898,1.1792826019114235
C092,C#CCCC1(CCC(=O)Nc2ccn(Cc3cccc4ccccc34)n2)N=N1,0,7.0120254,8.831724,0.4166227258454555,0.0,0.0,0.0,0.0,0.0,0.0,0.0,0.1496978223171781,0.8716889222675211
C093,C#CCCC1(CCC(=O)NC[C@]2(S(C)(=O)=O)C[C@@H]2C(F)(F)F)N=N1,0,1.9044604,-4.48318,0.0364662573407274,0.0,0.0,0.0470274846876328,0.0397144721447068,0.001750439976955,0.1434220079856341,0.0,0.2612646856149674,0.0663153544578031
C094,C#CCCC1(CCC(=O)NCc2ccc(C3(C(F)(F)F)N=N3)cc2)N=N1,0,7.1847677,9.194551,0.376945558792968,0.0,0.0,0.0042294224680929,0.0,0.0,0.0,0.0,0.0,0.8265290434188275
C095,C#CCCC1(CCC(=O)Nc2n[nH]c3c2c(-c2ccccc2)nn3C)N=N1,0,8.857325,12.583888,0.5924537488385255,0.0910894380732098,0.0,0.0,0.0902687493105595,0.0,0.1359451549272931,0.0362871332850693,0.0997393537034522,0.1405666898884445
C096,C#CCCC1(CCC(=O)NCC(=O)NCC2CC3CCC(C2)N3C)N=N1,1,-7.389941,-11.500806,0.0028071817338489,0.0166450622550371,0.0449835775505246,0.0262474107558133,0.0,0.0133549192708678,0.0,0.668964614755404,0.0,0.0
C097,C#CCCC1(CCC(=O)NCCNS(=O)(=O)c2ccn(C)c2)N=N1,0,-4.6148305,4.509729,0.0,0.0,0.0,0.4963439155139799,0.0,0.1080599680794763,0.0,0.5328095274751292,0.0,0.0
C098,C#CCCC1(CCNC(=O)[C@@H]2[C@@H](c3ccncc3Cl)C2(C)C)N=N1,0,9.909929,13.30208,0.5103656661319264,0.0802460361937106,0.0,0.0433812322120086,0.0,0.0214686670117049,0.0,0.0,0.0992589851935036,0.0
C099,C#CCCC1(CCNC(=O)Cc2nc(-c3cccs3)oc2C)N=N1,0,-5.8726625,10.210864,0.0188283406971215,0.2021480028248282,0.0640092063012904,0.0090006450933014,0.0271716599118043,0.0016161577834006,0.0555087122430392,0.0,0.0001904099378376,0.0
C100,C#CCCC1(CCNC(=O)c2n[nH]c(C(F)(F)F)c2C(C)C)N=N1,0,8.842696,11.816077,0.592950906605733,0.0,0.0,0.0,0.3473779839328466,0.0,0.0,0.0,0.0,0.3022927169146499
C101,C#CCCC1(CCC(=O)N2CC(CC)N(C(C)=O)CC2CC)N=N1,0,-1.815167,3.2796862,0.002442600024052,0.0,0.0,0.4533525419658618,0.0,0.0005572297904904,0.0,0.0211219506781741,0.0,0.0
C102,C#CCCC1(CCNC(=O)c2cc3c(cc2Cl)NC(=O)C3)N=N1,0,15.753286,4.798057,0.0,0.4689624126262049,0.0,0.0,0.0078935971637192,0.2373780009462464,0.0,0.0950397794288316,0.2902988000925023,0.0
C103,C#CCCC1(CCNC(=O)C2CCC3NC(=O)C(C)(C)C3C2)N=N1,0,1.3235562,-6.7378116,0.0003149165790865,0.0,0.0,0.1243467951547016,0.0,0.0213767296452371,0.0,0.0,0.3599939442727232,0.0076398382065441
C104,C#CCCC1(CCC(=O)N(C)C[C@@H]2OCC[C@@H]2c2ncn[nH]2)N=N1,0,0.31124073,-6.3914385,0.0,0.0,0.0,0.0736517148042713,0.0,0.0257412381190906,0.0,0.0,0.2883278367291529,0.0
C105,C#CCCC1(CCNC(=O)C2(c3cc(C)no3)CCOCC2)N=N1,0,1.4512725,-7.7896676,0.0,0.0,0.1387379793626181,0.0214786068569833,0.0,0.0,0.0,0.0,0.4218116663474551,0.0
C106,C#CCCC1(CCC(=O)N(C)C2(c3cccc(Cl)c3)CC2)N=N1,0,5.645024,-7.066656,0.0,0.0,0.044915093276493,0.0,0.0,0.0085399848762518,0.435364523916324,0.1312610206966333,0.5241834256764962,0.2011762555051062
C107,C#CCCC1(CCNC(=O)CC2CCCC(C(F)(F)F)C2)N=N1,0,5.698922,-6.747541,0.1632746461923372,0.0,0.1372194890827302,0.0,0.0,0.0,0.5724483748844504,0.0,0.2591903743063938,0.2128850036461039
C108,C#CCCC1(CCC(=O)N2CCC3CCC32c2cccs2)N=N1,0,5.6067004,-7.073579,0.0,0.0,0.1300632036230072,0.0,0.0,0.0,0.3672783063378211,0.0910195160652785,0.6431557535949846,0.0
C109,C#CCCC1(CCC(=O)NCc2cnn3ccn(C)c(=O)c23)N=N1,0,15.580035,1.8125092,0.0,0.5291804976597018,0.0,0.0223589762551421,0.0,0.4459063216936012,0.0053036751511812,0.0,0.0501787813238625,0.0
C110,C#CCCC1(CCC(=O)NC(C)(C)c2cc(C(F)F)on2)N=N1,0,3.666525,11.101566,0.1699230945976366,0.0,0.0,0.0,0.0,0.0,0.7521291162943474,0.0,0.0823789608538892,0.0
C111,C#CCCC1(CCNC(=O)CCn2c(C)c(C)sc2=O)N=N1,0,-1.276232,-5.212515,0.0,0.0251303688553343,0.014899248962924,0.095565082837034,0.0,0.006520894940639,0.036772574607111,0.007915446497228,0.0961737231772304,0.0
C112,C#CCCC1(CCNC(=O)c2ccc(Cc3ccccc3)[nH]2)N=N1,0,8.7126875,7.011224,0.0483038854039928,0.0,0.0,0.0,0.0,0.0028764151852646,0.2658393262794884,0.1852256294251243,0.0,1.1334823037354065
C113,C#CCCC1(CCC(=O)N2C[C@@H](O)[C@H](N3CCOCC3)C2)N=N1,1,16.073908,0.36366814,0.0,0.2310856384587329,0.0177704998973543,0.1455192628065664,0.0,0.4809714284532438,0.0,0.0,0.1178422911742983,0.0
C114,C#CCCC1(CCC(=O)N2CC3(CC(O)CNC3=O)C2)N=N1,0,-1.2248976,1.719542,0.0117129374492916,0.0,0.0,0.3614436853718987,0.0,0.0096190797624767,0.0,0.0,0.0,0.036876412899388
C115,C#CCCC1(CCC(=O)NC2CCN(CCC=C)CC2)N=N1,1,9.86097,-15.560397,0.0,0.0111938572240067,1.082456463856497,0.0314405834084606,0.0,0.0091590880210938,0.0853188631610885,0.0,0.0,0.0
C116,C#CCCC1(CCC(=O)N2Cc3nc(C)nc(O)c3C2)N=N1,0,14.476443,1.6626058,0.0,0.3989064238629535,0.0026623487579094,0.066510323591657,0.0,0.3218823480686746,0.0,0.0530337056303356,0.0,0.0
C117,C#CCCC1(CCC(=O)N2CCN3CCCCC2C3)N=N1,1,7.686254,-15.091552,0.0,0.0012799687075283,0.7916025361811723,0.0974464574890922,0.0113995091815096,0.004929478113697,0.0,0.0056067540289561,0.0,0.0
C119,C#CCCC1(CCNC(=O)C2CCCN2S(=O)(=O)c2sc(=O)[nH]c2C)N=N1,0,-3.4757783,-4.6841726,0.0087720546828012,0.0117460627159182,0.0,0.0298127845889762,0.0,0.0266161647241751,0.0182321871478224,0.00892871082175,0.0830377646140211,0.0
C120,C#CCCC1(CCNC(=O)C(C)Oc2cc(C)cc3oc(=O)c4c(c23)CCC4)N=N1,0,-5.541824,-9.37895,0.0,0.0,0.0,0.0204578136412709,0.0937819880686672,0.0176252208238898,0.0,0.1827862240846241,0.1092042477853269,0.0
C121,C#CCCC1(CCC(=O)Nc2nn(Cc3cn(CC)nc3C)cc2Cl)N=N1,0,-3.1721022,10.350779,0.0,0.4134801058626393,0.0,0.165204606492495,0.0,0.0873812261681479,0.0,0.0,0.0038803961456289,0.0170946401764618
C122,C#CCCC1(CCNC(=O)CN2C(=O)NC(C)(c3ccc(C)cc3)C2=O)N=N1,0,1.7278494,-0.6899455,0.0,0.0808806307102115,0.0,0.3817981493502378,0.0,0.0437298099638561,0.0,0.0,0.359844447703797,0.0
C123,C#CCCC1(CCC(=O)N2C3CCC2CC(N2CCCS2(=O)=O)C3)N=N1,0,-6.6904144,-3.216709,0.0,0.0,0.0,0.0318605744912947,0.0353643119084414,0.0374804448999431,0.0829771783007152,0.0008681817657024,0.0,0.0
C125,C#CCCC1(CCC(=O)N2CCC3(CC2)CC3CN2CCN(C)CC2)N=N1,1,8.513298,-14.665289,0.0,0.0,0.7898220065104378,0.0,0.0,0.0,0.0254374172122634,0.0,0.0,0.0
C126,C#CCCC1(CCC(=O)N2CC(C)(c3nnc(C4CCOCC4)o3)C2)N=N1,0,-5.488145,-3.1916533,0.0310136048522923,0.0040045454979018,0.0127563474665211,0.0236247236919628,0.0135373005116353,0.0177896919438896,0.0098234507306308,0.0040178762712002,0.0067674200038683,0.0452983355715516
C128,C#CCCC1(CCC(=O)N[C@@H]2CCCC[C@H]2NS(=O)(=O)C2CC2)N=N1,0,-5.7773323,10.346549,0.0,0.2780335938174666,0.0,0.003321747573193,0.0,0.0179399680953649,0.0716817465400361,0.0,0.0071065989761224,0.0
C129,C#CCCC1(CCC(=O)N(C)Cc2coc(-c3ccc(C#N)cc3)n2)N=N1,0,-5.251119,14.210072,0.0,0.4558896944355776,0.0,0.0,0.0,0.0,0.1107374526826816,0.0,0.1855391522781054,0.0
C130,C#CCCC1(CCC(=O)NC(c2ccc3c(c2)OCCO3)C2CC2)N=N1,0,3.7252245,-9.208366,0.0524692770200911,0.0,0.0426935378359113,0.0,0.0,0.0,0.2112786030781222,0.6153609210184855,0.3128735438706866,0.0
C131,C#CCCC1(CCC(=O)Nc2ccc(C3CC(=O)NC(=O)N3)cc2)N=N1,0,-5.138285,16.107014,0.0,0.4801681978098122,0.0,0.0,0.0,0.0,0.0,0.0,0.47734414336041,0.0
C132,C#CCCC1(CCC(=O)N2C[C@@H](COC)[C@H](c3cnn(C)c3)C2)N=N1,0,-1.2769604,7.515389,0.0,0.4672731622089403,0.0,0.4440436244305441,0.0,0.1098516807962379,0.0,0.0544459645584535,0.0,0.0
C133,C#CCCC1(CCNC(=O)C2(COC)CCCNS2(=O)=O)N=N1,0,-0.77859557,-0.22254384,0.0,0.0,0.0682013074092264,0.2436919684825064,0.0,0.0,0.0233261979019309,0.0116269868071772,0.068120422106575,0.0
C134,C#CCCC1(CCNC(=O)C(O)c2cc(Cl)cc(Cl)c2)N=N1,0,5.9650006,10.616641,0.1971744454978983,0.0,0.0,0.0,0.0,0.0,0.4796896107772365,0.0233816963208398,0.0559902637130848,0.661703709464097
C135,C#CCCC1(CCNC(=O)C(O)(c2ccccc2)C(F)(F)F)N=N1,0,5.739248,10.904726,0.4090084634847958,0.0,0.0,0.0,0.0,0.0,0.5223543771532482,0.0277872639147002,0.0,0.2162603449266947
C136,C#CCCC1(CCNC(=O)Cc2cc(S(N)(=O)=O)cn2C)N=N1,0,15.803209,3.3156679,0.0141784044314101,0.4850458907047693,0.0,0.0,0.0185558156256069,0.291741380297219,0.0346706864663541,0.0,0.1858385745971361,0.0
C137,C#CCCC1(CCC(=O)N2CCCC23CCCS(=N)(=O)C3)N=N1,0,-3.2817507,3.0041761,0.0,0.0262778559536976,0.0,0.6111580883429341,0.0,0.1314355277863263,0.0038387006096398,0.0,0.0,0.0
C138,C#CCCC1(CCNC(=O)c2cc3n(n2)CCNS3(=O)=O)N=N1,0,-4.9677343,15.414121,0.0,0.346937660535032,0.0,0.0,0.0,0.0,0.0,0.0,0.3715507496566019,0.0
C139,C#CCCC1(CCC(=O)NCCc2cnc3ccc(C)cc3c2)N=N1,0,-6.734372,12.764846,0.0,0.5184608283054827,0.0,0.0152162125495012,0.0,0.0,0.2224502029657294,0.0,0.074897354359357,0.0
C140,C#CCCC1(CCC(=O)N2CC(OCc3ccccc3F)C2)N=N1,0,-4.04529,9.381329,0.0,0.3430716126164748,0.1952619954037693,0.2100146838711702,0.0,0.0,0.1634372022123619,0.0966677216271539,0.0482293232012321,0.0
C141,C#CCCC1(CCC(=O)NCC2(C(F)(F)F)CCCCC2)N=N1,0,-9.717089,0.26615024,0.0383862162863908,0.0,0.0631532758414203,0.0272335131174382,0.0,0.0,0.445803103997283,0.0270136435381595,0.0645901255097359,0.0
C142,C#CCCC1(CCNC(=O)c2ccnc(OC3CCOC3)c2)N=N1,0,-5.2282414,13.129723,0.0,0.3291652898664601,0.0901934621326249,0.0,0.0401585246048976,0.0,0.0475191064493616,0.0,0.0551127466643664,0.0
C143,C#CCCC1(CCNC(=O)C2C3Cc4c(Cl)cccc4C32)N=N1,0,-11.092418,1.3981798,0.0938055783116131,0.0,0.0,0.0,0.2604812562889768,0.0,0.6977282955502655,0.0046850030274132,0.0,0.0
C144,C#CCCC1(CCNC(=O)c2ncsc2S(N)(=O)=O)N=N1,0,-2.3193476,-3.7790341,0.0,0.0697105533047596,0.0142695027629087,0.0478836165133931,0.0048229024972621,0.000831846050589,0.0786540855456492,0.0,0.0999360599623178,0.0
C145,C#CCCC1(CCC(=O)Nc2cc(-n3ccnn3)ccc2F)N=N1,0,-4.488299,12.820588,0.0,0.5034005043943852,0.1717077697329707,0.1337336266871074,0.030916763406443,0.0,0.0,0.0,0.0314801168053284,0.0
C146,C#CCCC1(CCC(=O)N2CCO[C@@H]3CS(=O)(=O)C[C@@H]32)N=N1,0,14.690765,-0.062442053,0.0,0.4570712667114221,0.0,0.4360689545748336,0.0,0.3583751418601812,0.0026734513982991,0.0,0.0,0.0
C147,C#CCCC1(CCNC(=O)C2CCCc3cc(C#N)ccc32)N=N1,0,-3.7889988,8.652602,0.0,0.252696650556705,0.2157868449191055,0.3026436206806225,0.0,0.0,0.0186822695256565,0.0,0.0811003956366679,0.0077416730167996
C148,C#CCCC1(CCNC(=O)C23CC(CO)(C2)OC32COC2)N=N1,0,-6.430396,-4.594883,0.0010812979674012,0.019473904135671,0.0,0.0280737020479446,0.0,0.0882641948503293,0.0,0.0469514794757439,0.0,0.0173669171755208
C149,C#CCCC1(CCNC(=O)CCC2CC(C)N(C)C2C)N=N1,1,8.932448,-16.074116,0.0,0.0,1.014661497528762,0.0,0.0,0.0,0.0,0.0,0.005667681557072,0.0
C150,C#CCCC1(CCNC(=O)C(c2cncn2C)N(C)C)N=N1,1,-4.587219,4.6552672,0.0,0.0,0.0,0.7016833946572794,0.0,0.0746488160850619,0.0,0.4740400757402289,0.0,0.0
C151,C#CCCC1(CCC(=O)NCC(O)c2cncs2)N=N1,0,0.106139526,13.512472,0.0,0.4096608004669729,0.0560659980695036,0.0,0.0,0.0272602913086211,0.0893997510061595,0.1040705378291419,0.0455095613430031,0.0
C152,C#CCCC1(CCNC(=O)C2CN(CC(F)F)C2)N=N1,1,10.670737,13.434694,0.4097044884820227,0.0,0.1386763374689437,0.0,0.0,0.0121376075901193,0.0,0.0,0.3083098590649668,0.0
C153,C#CCCC1(CCC(=O)N2Cc3sccc3CC2(C)C)N=N1,0,3.9432993,-8.980734,0.3321847759563479,0.0,0.1141065777195935,0.0,0.0,0.0,0.3731340548168912,0.4385189795814571,0.3113881011070044,0.0
C154,C#CCCC1(CCC(=O)NCc2nnc(C3CC3)n2C2CC2)N=N1,0,1.6159604,-2.125242,0.0,0.0,0.0,0.2086003603727773,0.0075813615142636,0.0235601056114136,0.0,0.0,0.286957521284382,0.0
C156,C#CCCC1(CCC(=O)N[C@@H]2CC=CC[C@H]2C(F)(F)F)N=N1,0,-8.411213,-2.5030081,0.0,0.0,0.0421536693763619,0.0014949273230135,0.0,0.0145135600518955,0.1804639593248687,0.0,0.0,0.0
C157,C#CCCC1(CCC(=O)NCC2CCc3nnc(C(F)F)n3C2)N=N1,0,-4.026834,-4.235222,0.0196173769553656,0.0017570865569552,0.0026404929261521,0.0544270484708245,0.0205715434208822,0.0008601889644607,0.0479041917446424,0.0,0.0111061128268453,0.0
C158,C#CCCC1(CCNC(=O)c2cc3c(C(F)(F)F)cc(=O)[nH]c3o2)N=N1,0,6.2309604,-2.129352,0.0,0.0,0.0691947946819597,0.0610385762934193,1.0671037743485037,0.0157765333338153,0.0,0.1254101174494251,0.2376748933553778,0.0
C159,C#CCCC1(CCC(=O)Nc2ccccc2Oc2cccc(C#N)c2)N=N1,0,4.265606,11.658154,0.2089022553021267,0.0,0.0557128661567575,0.0,0.0,0.0,0.8225417350366563,0.289801470582573,0.0719110095560385,0.0
C160,C#CCCC1(CCC(=O)NC2(C(O)c3ccc(F)cc3)CCCC2)N=N1,0,-10.51706,0.76531625,0.0,0.0,0.0377409646979079,0.0,0.059776536938405,0.0,0.538737176640984,0.0,0.0,0.0
C161,C#CCCC1(CCNC(=O)CCc2nc3cc(Cl)ccc3s2)N=N1,0,3.9298143,11.378373,0.181056990396461,0.084421815773498,0.0782593435152682,0.0,0.0,0.0,0.8905563473112579,0.0,0.1305286445529261,0.0100801609504654
C162,C#CCCC1(CCC(=O)NC[C@H]2OCC(=O)N(CC)[C@@H]2c2nccn2C)N=N1,0,0.58055204,-6.056767,0.0144557466831745,0.0,0.0094475281031211,0.0075931035473159,0.0,0.0,0.0,0.0076742868429024,0.3017709705241816,0.0
C163,C#CCCC1(CCC(=O)N(C)C23CC(C(F)(F)F)(C2)C3)N=N1,0,-11.41402,-0.67541903,0.0528367880354691,0.0,0.05601030348328,0.0,0.0711922998696451,3.220561513043445e-05,0.3805303297119752,0.0,0.0,0.0
C164,C#CCCC1(CCC(=O)N2CCCC2CN2CCC(C)CC2)N=N1,1,7.434235,-14.204875,0.0,0.0,0.632482057284985,0.0,0.0,0.0,0.0,0.0,0.092815566149952,0.0
C165,C#CCCC1(CCC(=O)N2Cc3cnn(-c4ccccc4)c3C2)N=N1,0,14.541015,2.794281,0.002661802974175,0.4944525118322763,0.0123647462274177,0.0,0.0,0.2637030727789934,0.0,0.0,0.0,0.0
C166,C#CCCC1(CCNC(=O)c2ccc(-n3cnc4ccccc4c3=O)cc2)N=N1,0,-5.644775,11.921788,0.0777687657596522,0.3479756257779452,0.0036444026126407,0.0,0.0,0.0,0.0487113719610067,0.0,0.0,0.0
C167,C#CCCC1(CCC(=O)NCc2ccc(N(C)C(=O)c3ccncc3)cc2)N=N1,0,-1.3705914,9.13671,0.0,0.3308507054476851,0.0,0.2165208314035988,0.0,0.0,0.0,0.357874408419792,0.0,0.0
C168,C#CCCC1(CCC(=O)N[C@@H]2COC[C@@H]2Oc2cn[nH]c2)N=N1,0,-5.921431,9.775461,0.0,0.2061183644794802,0.0044360988053359,0.0,0.0,0.0486159861322617,0.0014686325262798,0.0,0.1515358927942794,0.0
C169,C#CCCC1(CCNC(=O)CCc2c[nH]c3cccc(C)c23)N=N1,0,7.334615,10.770121,0.4489622602017965,0.0,0.0105323375170195,0.0036524332109219,0.0065066360976767,0.0,0.1737099689557601,0.0,0.0,0.4223022793226856
C170,C#CCCC1(CCC(=O)N2CCc3c(CN4CCCC4)cccc32)N=N1,1,10.206899,-16.654657,0.0,0.0030872281424564,1.2824373050947415,0.0,0.0,0.0,0.0,0.0,0.2304262812771809,0.0202846804607526
C171,C#CCCC1(CCC(=O)NC2CN(CC)CC2(C)C)N=N1,1,9.886525,-16.255047,0.0,0.0,1.1650757195708823,0.0,0.0,0.0,0.0,0.0,0.0,0.0091548194295336
C172,C#CCCC1(CCC(=O)N[C@H]2C[C@H](c3cc(F)cc(F)c3)C2)N=N1,0,8.454657,10.864466,0.4341421706376009,0.0,0.0,0.0,0.1789860260394872,0.0,0.0188251145871092,0.0,0.0,0.5722383669870087
C173,C#CCCC1(CCNC(=O)Cn2nnnc2-c2ccsc2)N=N1,0,-7.406821,-8.129774,0.0056199861597265,0.1596895560435621,0.0,0.0,0.0106338236580319,0.0,0.0224784664394223,0.1674078590161177,0.0,0.0
C174,C#CCCC1(CCC(=O)Nc2cnc3c(c2)OCC(=O)N3)N=N1,0,-1.0259492,14.261484,0.0160616303541954,0.587088816833144,0.0,0.0,0.0,0.1196548040041531,0.0,0.1489391915400893,0.1007890646750038,0.0
C176,C#CCCC1(CCNC(=O)c2cncc(COC)c2)N=N1,0,-2.9499834,-3.727298,0.0,0.0099859661934942,0.0319949077309778,0.0628020083907235,0.0087852215410615,0.0,0.0455179403768591,0.0,0.0772062177745439,0.0
C177,C#CCCC1(CCNC(=O)c2sc(CC(F)(F)F)nc2C)N=N1,0,-1.9910663,-3.639437,0.0,0.0162418303132402,0.0,0.1010735016008995,0.0113328365420715,0.0,0.0985625441629926,0.0391922505933487,0.0805786855314124,0.0
C178,C#CCCC1(CCC(=O)N(CC)c2cc(C)ccc2OC)N=N1,0,-9.861825,-5.75686,0.0,0.0,0.0,0.0048807574529574,0.0,0.0,0.1250764184487885,0.067777125706674,0.0715448390271781,0.1084176742830286
C179,C#CCCC1(CCC(=O)N2C3CCCC2CC2(C3)NC(=O)NC2=O)N=N1,0,-3.8306324,16.782167,0.0,0.4884699259396964,0.0,0.2730239615298848,0.0242777046158671,0.0818462440497578,0.0,0.0,0.39827298154043,0.0
C180,C#CCCC1(CCC(=O)NCC2CC3(CC3)S(=O)(=O)N2)N=N1,0,0.18032354,-5.2710385,0.0094656086471096,0.0,0.0,0.0820592799299847,0.003987169887708,0.0,0.0,0.0,0.1907169903997196,0.0734650101815475
C182,C#CCCC1(CCC(=O)NC2(CN3CCN(c4ncccn4)CC3)CC2)N=N1,1,1.9475807,-12.620225,0.0,0.0,0.5278336483425202,0.4404059568511956,0.0,0.0,0.0,0.1774621652525033,0.0359446628972746,0.0
C183,C#CCCC1(CCC(=O)NC(C)c2nnc(-c3ccccc3F)s2)N=N1,0,-5.773383,-2.45083,0.0081391296863289,0.0,0.053773817221358,0.113878298204269,0.0,0.0,0.038602898068382,0.0,0.0068322147190301,0.0
C184,C#CCCC1(CCC(=O)NC(CN(C)C)c2ccco2)N=N1,1,8.580284,-14.366796,0.0,0.0,0.7318354847536876,0.0,0.0,0.0,0.0,0.0,0.0,0.0
C185,C#CCCC1(CCNC(=O)CC2CS(=O)(=O)c3ccccc3O2)N=N1,0,-1.3797103,6.765787,0.0,0.2315081096597959,0.0,0.3952945296749472,0.0,0.0,0.0,0.0,0.0,0.0
C186,C#CCCC1(CCC(=O)N2CCC(N3CCN(c4ccccc4Cl)CC3)CC2)N=N1,1,9.632134,-14.504801,0.0312811844357022,0.0,0.7770397270620798,0.0838285271842152,0.0,0.0,0.0950436244385429,0.0,0.0,0.1347801540057653
C187,C#CCCC1(CCNC(=O)c2cnc(Oc3ccccc3)cn2)N=N1,0,-6.6933465,-4.5299497,0.0061755255427843,0.0,0.0,0.0226496772164446,0.0806196586693597,0.0688031610244579,0.0363514623690982,0.0,0.0,0.0
C189,C#CCCC1(CCC(=O)N2Cc3c[nH]nc3C(c3n[nH]c(CC)n3)C2)N=N1,0,17.753197,0.09626515,0.0168721833596756,0.0,0.0,0.0,0.0,0.4793219367289256,0.0039835402889466,0.0,0.1200819046622299,0.0
C190,C#CCCC1(CCNC(=O)C2CCC3CC(=O)NC3C2)N=N1,0,17.94375,-0.021741763,0.0170357050395752,0.0,0.0,0.0,0.0835553616665453,0.4539817113645368,0.0,0.0,0.2553968419872536,0.0
C191,C#CCCC1(CCC(=O)N2CC(C#N)C3(C2)C(=O)Nc2ccccc23)N=N1,0,17.020056,0.8874508,0.0,0.3653476018646479,0.0,0.0,0.0,0.4812065070148378,0.0,0.0,0.1875179890798886,0.0
C193,C#CCCC1(CCC(=O)NC(c2ccccn2)c2ccccc2OC)N=N1,0,17.720835,0.17057422,0.0,0.081301075292053,0.0,0.0,0.0,0.4825905278196232,0.0,0.0,0.2406352491858451,0.0
C194,C#CCCC1(CCNC(=O)C2(Cc3ccc(F)cc3)CCCO2)N=N1,0,-8.444262,-2.7770412,0.0,0.0,0.1492118873102081,0.0,0.0,0.0023606137477854,0.1784966337333209,0.0,0.0,0.0151713198229277
C195,C#CCCC1(CCC(=O)N2C[C@H]3CCO[C@H]3CC(C)(C)C2)N=N1,0,-4.05786,10.482858,0.0,0.3880673662484897,0.1093819419811906,0.1865477955104011,0.0,0.0,0.0,0.0,0.2056859660725631,0.0
C196,C#CCCC1(CCC(=O)NC(C(N)=O)c2ccc3ccccc3c2)N=N1,0,-3.6465487,11.677941,0.0,0.5057503252126455,0.0,0.0,0.0,0.0,0.0671788246269003,0.0,0.0,0.091604703663331
C197,C#CCCC1(CCC(=O)N2CC3CN(C)C(c4ccccc4)C3C2)N=N1,1,9.627988,-13.209779,0.0,0.290203175507669,0.8719961043130655,0.0100691540526577,0.0,0.0,0.0484161130960537,0.0,0.1346491596274573,0.0
C198,C#CCCC1(CCC(=O)Nc2cc(F)ccc2OCc2cnn(C)c2)N=N1,0,-8.911756,-8.906854,0.0,0.0244186374012974,0.0059365746409643,0.0,0.0,0.0072016154833774,0.1847614699216508,0.45155748076688,0.0,0.0
C199,C#CCCC1(CCNC(=O)c2cc(CNS(C)(=O)=O)oc2C)N=N1,0,-5.661071,11.524695,0.0,0.2992354439487373,0.0473519852330776,0.0,0.0,0.0,0.1153099627053117,0.0,4.051242624100079e-05,0.0056787837365346
C200,C#CCCC1(CCC(=O)NC2CCc3c(nc(C)n3CCO)C2)N=N1,0,1.0342,-8.533556,0.0,0.0,0.2833790856040097,0.0067562666343088,0.0,0.0005207346675466,0.0,0.0,0.2712541892883013,0.0070990890760367
C201,C#CCCC1(CCNC(=O)COc2ccc3c(c2)CCCC3)N=N1,0,-10.692852,2.9020936,0.0,0.0,0.0354533015362046,0.0,0.3684256021355634,0.0,0.5471656096931319,0.102234006275131,0.0,0.6674166279302297
C203,C#CCCC1(CCC(=O)NC2CCN(c3ccc4nncn4n3)C2)N=N1,0,16.632227,3.9657817,0.0,0.4960412802987173,0.0,0.0758948921038806,0.0,0.2427360515869029,0.0,0.0,0.4163482696476763,0.0
C204,C#CCCC1(CCC(=O)N[C@H]2C[C@H](C)S(=O)(=O)c3sccc32)N=N1,0,-0.34465846,-6.765453,0.0,0.0,0.0,0.0134499437058935,0.0739969869229683,0.0,0.0359631146134755,0.0,0.2990060335124264,0.0
C205,C#CCCC1(CCNC(=O)c2c(C(F)(F)F)nc3n2CCCC3)N=N1,0,0.94460773,-12.0035715,0.0,0.0,0.4023970235538554,0.3693634357879912,0.0,0.0,0.0019955251284279,0.0,0.3172608873167168,0.0
C206,C#CCCC1(CCC(=O)N2CCOCC2c2nc(-c3cccs3)no2)N=N1,0,-2.5519507,11.259213,0.0,0.3394072407091897,0.0,0.0,0.0,0.0,0.0276564570408198,0.007445800738314,0.0,0.1959992384197103
C207,C#CCCC1(CCC(=O)Nc2ccc3c(c2)CN(c2ccccc2)C3)N=N1,0,-7.16559,-9.141764,0.0159859007027671,0.0,0.0,0.0,0.0,0.0060133645644029,0.0,0.3110632751654995,0.0045521235931635,0.0919762075812167
C208,C#CCCC1(CCC(=O)N2CC(N3CCCC3)CC2C(C)C)N=N1,1,8.308463,-16.074593,0.0,0.0,0.8366455798284108,0.0,0.0,0.0,0.034494425004572,0.0,0.15861316691283,0.0
C210,C#CCCC1(CCNC(=O)c2cc(-c3c[nH]c4ccccc34)[nH]n2)N=N1,0,7.1914096,2.042239,0.0,0.0402592397463015,0.0,0.0,0.8102732013862816,0.0237543542118822,0.0,0.1790825937895399,0.0207256130110314,0.6631264765314059
C211,C#CCCC1(CCC(=O)N2CCC3(CN(Cc4ccccc4)CC(C)O3)C2)N=N1,1,-1.2390985,-10.847211,0.0,0.0,0.2916306511137386,0.0546300710239865,0.0,0.0,0.0,0.0906728892515074,0.2996907166269213,0.0
C212,C#CCCC1(CCNC(=O)c2cnc3n2C(C)CCC3)N=N1,0,-8.445514,-11.824539,0.0,0.1083696242501195,0.3923806157192307,0.0479875657835537,0.0,0.0182533640993268,0.0079148714907045,0.4085693354019693,0.0197363807760464,0.0
C213,C#CCCC1(CCC(=O)N2CCOC(c3c(Cl)cccc3OC)C2)N=N1,0,-8.224239,-11.422452,0.0,0.1207275641860432,0.1887775040523756,0.0,0.0,0.0191537561545457,0.0,0.4684370187569264,0.0,0.0
C214,C#CCCC1(CCC(=O)NC(C(=O)Nc2cc[nH]n2)c2ccccc2)N=N1,0,15.653818,4.261675,0.0,0.4390593166800495,0.0,0.0,0.0199622192557499,0.2702892767089468,0.0,0.0,0.2514685308043215,0.0
C215,C#CCCC1(CCNC(=O)c2ccc(C3(OC)COC3)cc2)N=N1,0,-0.7249339,-6.252317,0.003251915338652,0.0,0.121352076077532,0.0649164317097694,0.0,0.0,0.0078614691903316,0.0107924364949662,0.1848196516976187,0.0
C216,C#CCCC1(CCNC(=O)c2ccc(C)c(C)c2-n2cnnn2)N=N1,0,-0.44602677,-5.3534555,0.0,0.0017803539730612,0.0150049704824387,0.1404248231741712,0.0,0.0085742270745922,0.0380899425611474,0.0073933008950345,0.1998674016993133,0.0
C217,C#CCCC1(CCNC(=O)C2(c3cccnc3)CC(F)(F)C2)N=N1,0,-0.10127861,-3.2491071,0.0,0.0,0.0181382210578021,0.1254935947727928,0.0399143026931178,0.0,0.1580507062088147,0.0,0.1562226098762895,0.0
C218,C#CCCC1(CCC(=O)Nc2ccc(Cl)c(-n3nnnc3C3CC3)c2)N=N1,0,-9.754789,2.5763814,0.0,0.0,0.0,0.0,0.2193495253681608,0.0,0.4523779766078085,0.3292879297277463,0.1557688722592193,0.6534652472831511
C219,C#CCCC1(CCC(=O)NCC2CCC3C(CC2)C3(F)F)N=N1,0,2.796544,10.826809,0.0,0.0,0.0,0.0,0.0024803952113969,0.0,0.9972311387548972,0.0,0.0,0.0316682474335675
C220,C#CCCC1(CCC(=O)N2CCC(c3ccc(F)c(F)c3)C2C)N=N1,0,3.6532168,10.851413,0.0840317093229931,0.0,0.0,0.0,0.0,0.000330072189143,0.6730845033838442,0.0,0.0867944088029903,0.4493810868165511
C221,C#CCCC1(CCNC(=O)C2CN3CCCN2CC3)N=N1,1,9.132336,-15.907367,0.0,0.0,0.9345999640896178,0.0,0.0,0.0032085731710314,0.1126943727421898,0.0,0.0,0.0
C222,C#CCCC1(CCNC(=O)C2C3CCC2(c2cncs2)C3)N=N1,0,-3.1315377,-2.9819899,0.0,0.0001601383701574,0.1745437704704499,0.0642299192866656,0.0,0.0,0.0546184211574878,0.0,0.0964601929031672,0.0012868417354556
C223,C#CCCC1(CCC(=O)NCC2CCCN(C)C2c2ccc(OC)cc2)N=N1,1,9.688519,-14.932451,0.0056701321054483,0.0,1.0013111200569964,0.0,0.0,0.0,0.0562755192114436,0.0,0.0,0.0012136671479374
C225,C#CCCC1(CCC(=O)NCCOc2c(C)cccc2C)N=N1,0,-12.326613,0.7974628,0.0377600622795076,0.0,0.2962375225684662,0.0,0.0,0.0,0.866693012206965,0.0,0.0,0.0
C226,C#CCCC1(CCC(=O)NC(Cc2ccccn2)C2COc3ccccc3O2)N=N1,0,-11.300909,0.8931111,0.0,0.0205205453692213,0.0246647257924407,0.0,0.0,0.0,0.6561288974825034,0.0,0.0,0.1342497722115554
C227,C#CCCC1(CCC(=O)N2C[C@@H]3CCCS(=O)(=O)[C@@H]3C2)N=N1,0,-3.4581594,13.151863,0.0,0.5425818754524415,0.0,0.032522443108186,0.0,0.0,0.0,0.0,0.1658651412275769,0.0257185873829258
C228,C#CCCC1(CCC(=O)N2C[C@@H](O)[C@H](Oc3cccc4c3CCC4)C2)N=N1,0,8.410714,9.351028,0.1513493514035292,0.0,0.0,0.0003534853713023,0.0832328879529671,0.0,0.0017819477596616,0.0,0.1278898548595405,1.1910859011027104
C229,C#CCCC1(CCNC(=O)C2COc3ccc(OC)cc3C2)N=N1,0,-8.117026,-6.7361846,0.0,0.0156228633747445,0.037357279304395,0.0050102983011532,0.0280837517302107,0.0169568386322827,0.0791325767726395,0.269506904560406,0.0,0.0
C230,C#CCCC1(CCC(=O)NCCOC2CCS(=O)(=O)CC2)N=N1,0,-3.747842,-5.553887,0.0410795818538753,0.0409695243499977,0.0,0.0159862778412075,0.0608200495198912,0.0,0.0,0.0077768699229,0.0672967777607006,0.0017943104776232
C231,C#CCCC1(CCC(=O)NCC(C)(O)C2CCC(C(C)C)CC2)N=N1,0,8.917954,8.999024,0.333028311097933,0.0,0.0772518233838739,0.0,0.1822753577875521,0.0,0.1887448935672855,0.0,0.0,0.6625334945968491
C232,C#CCCC1(CCNC(=O)c2cnc3sc(Cc4ccccc4)cn3c2=O)N=N1,0,5.9708395,2.296015,0.0,0.5341068650846806,0.0,0.0,0.8399319366977275,0.0,0.0,0.0,0.0,0.2340859604992814
C233,C#CCCC1(CCC(=O)NCc2ccc3c(c2)C(C)C(C)O3)N=N1,0,-8.054837,-1.5183518,0.0,0.0036222723067625,0.0,0.0604513159629811,0.0434345011779411,0.0079418164263552,0.155549223858093,0.0,0.0151744328467979,0.0257843167549863
C234,C#CCCC1(CCNC(=O)C2CC(C)Cc3cn[nH]c32)N=N1,0,-8.9585705,0.016982388,0.0443014500658533,0.0,0.0,0.0134699947148821,0.2497882125130105,0.0,0.2408010122387129,0.0114424692333261,0.1266965017323863,0.0054111444010021
C235,C#CCCC1(CCC(=O)Nc2ccc3oc(C(F)(F)F)cc(=O)c3c2)N=N1,0,8.526837,9.434576,0.3552847228605331,0.0,0.0,0.0,0.3822868750728188,0.0,0.0,0.0,0.0,0.6444558352347888
C236,C#CCCC1(CCC(=O)N2CCCC(c3n[nH]cc3NS(C)(=O)=O)C2)N=N1,0,2.161654,-6.604413,0.0042337263446467,0.0,0.0,0.0,0.023524666458839,0.0,0.0,0.0,0.5213352959298512,0.0
C237,C#CCCC1(CCC(=O)N2C[C@@H](C)N(CC)[C@@H](C)C2)N=N1,1,9.228881,-15.478527,0.0,0.0,0.9832574121698444,0.0045776144032633,0.0,0.0,0.0,0.0,0.0125757473987016,0.0
C238,C#CCCC1(CCC(=O)NC(Cn2cnc3ccccc32)c2ccc(F)cc2)N=N1,0,6.6892123,1.2528604,0.0,0.0,0.0,0.0,0.982347484351794,0.0,0.0454870125302927,0.0506388134919234,0.0,0.3342774668280084
C239,C#CCCC1(CCC(=O)Nc2cccc3c2oc(=O)n3C)N=N1,0,13.514976,2.312689,0.0,0.5135756256490657,0.1706791012172821,0.2154297309646938,0.0166492795888121,0.2415373045786013,0.0,0.0606375179409454,0.0,0.0
C240,C#CCCC1(CCC(=O)NCCc2cc(C(F)(F)F)co2)N=N1,0,-6.910683,-2.6665895,0.0,0.0024826610711851,0.0,0.0656788049323582,0.0,0.0046492565067006,0.0774019310764705,0.017400670360822,0.00891028963154,0.0
C241,C#CCCC1(CCC(=O)NC23CC(N4CCCCC4=O)(C2)C3)N=N1,0,0.20445958,0.73713106,0.0,0.0,0.0,0.3277325384161412,0.0010972361846919,0.0,0.0,0.0,0.1173885480011669,0.0072073865765728
C242,C#CCCC1(CCC(=O)N2CCn3cc(C(F)(F)F)nc3C2C)N=N1,0,-2.25146,8.078849,0.0006099129427688,0.512874768818739,0.0098902220622123,0.4194324807663014,0.0,0.0370738906364803,0.0368893031366199,0.0,0.0106190874300698,0.0
C243,C#CCCC1(CCC(=O)NC2(c3nc4cc(Cl)ccc4o3)CCC2)N=N1,0,-10.728031,-5.2840986,0.0,0.0,0.0060018175529122,0.0431997386675374,0.0797401660790458,0.0,0.1391513963983574,0.1061017706342479,0.0001929303106949,0.3240590494764524
C244,C#CCCC1(CCNC(=O)C2=NN(c3ccc(F)cc3)C(C(N)=O)C2)N=N1,0,-6.928943,-9.745245,0.0,0.0143736584483319,0.0,0.1206610336109116,0.0,0.0,0.0,0.2861039113010681,0.0054641398794523,0.0624502855983733
C245,C#CCCC1(CCC(=O)NC2CCc3cccc4cccc2c34)N=N1,0,-2.3639755,0.25078222,0.0151828850189987,0.0,0.0,0.2513663027428834,0.0,0.0,0.0001046868249915,0.0043723765265793,0.0,0.0459500589895889
C246,C#CCCC1(CCC(=O)NC2C3Cc4cc(Cl)ccc4C32)N=N1,0,8.778075,8.607545,0.119238455786447,0.0,0.0545751083426267,0.0048211802150068,0.0,0.0,0.1758146305026113,0.0,0.0,1.1232986555160838
C247,C#CCCC1(CCC(=O)NC2CC(=O)N(CC(F)(F)F)C2)N=N1,0,-0.078560285,2.6374002,0.0,0.0,0.0,0.493010026110058,0.0,0.0,0.0,0.0,0.0149808202089829,0.0001042608354564
C248,C#CCCC1(CCC(=O)NCC2(O)CC(OCC)C2(C)C)N=N1,0,-4.8584332,-0.6000953,0.0,0.037127309639282,0.0,0.1559797018525416,0.0,0.0878861775405207,0.0,0.0610605491492604,0.0,0.0106824107741738
C249,C#CCCC1(CCNC(=O)c2cc(F)cc3nc(C)c(C)nc23)N=N1,0,14.153311,1.5089587,0.0,0.3691565206119601,0.0181703545410362,0.1356623640810752,0.0,0.2841995649830871,0.0,0.048473593174185,0.0,0.0575838915543377
C250,C#CCCC1(CCC(=O)NCC2(CO)COCC3COCCN32)N=N1,1,-5.469649,-2.8713803,0.018361891210047,0.0,0.0039288893794892,0.0728697611077467,0.0,0.0510930724402835,0.0,0.0022558670451447,0.0,0.0003510113799961
C251,C#CCCC1(CCNC(=O)CC2=NN(c3cccc(Cl)c3)C(=O)C2)N=N1,0,-4.5008574,-5.947499,0.1185017579202048,0.0,0.0,0.0,0.0,0.0,0.0168277716667634,0.0034434322757239,0.0234973513717802,0.0084399480820427
C252,C#CCCC1(CCC(=O)Nc2nnc3n(Cc4cccc(OC)c4)[nH]c(C)c2-3)N=N1,0,-7.760689,-5.7805653,0.010231623831677,0.0,0.0,0.1087625577660085,0.0,0.0,0.0517192352547719,0.0134341704551471,0.0058741231755529,0.1751382536230235
C253,C#CCCC1(CCC(=O)NCCS(=O)(=O)N2CCOCC2)N=N1,0,15.784325,1.3934301,0.0,0.3527983094918312,0.0,0.0010602524759987,0.0,0.381601149487589,0.0,0.0,0.0,0.0
C254,C#CCCC1(CCC(=O)N2CC3(CC(S(C)(=O)=O)C3)C2)N=N1,0,-5.039097,-0.35674083,0.0,0.0689469646084292,0.0,0.1875814807247451,0.0,0.1076687716447486,0.0,0.0410826329010824,0.0,0.0
C255,C#CCCC1(CCC(=O)NC(C)c2c(OC)nsc2OC)N=N1,0,-8.314166,-9.946562,0.0,0.0,0.0646915332985219,0.0082317854548651,0.0,0.0,0.042266267443844,0.5527586627474776,0.0,0.0
C256,C#CCCC1(CCNC(=O)C2C3CCN(CC3)S2(=O)=O)N=N1,0,-3.3181746,3.0470948,0.0,0.0,0.1613922884908329,0.74490112542707,0.0,0.0841810883412834,0.0010103325389636,0.0,0.0016992518446386,0.0
C257,C#CCCC1(CCC(=O)Nc2ccccc2-n2ccc(C(N)=O)n2)N=N1,0,-5.0808563,-1.732484,0.0,0.1248975713552191,0.0,0.1089182531174412,0.0286117920146871,0.0423305059759416,0.0,0.0078520268350246,0.0,0.0
C258,C#CCCC1(CCC(=O)Nc2ccc(C(F)F)nc2)N=N1,0,-7.8756433,-4.408945,0.0149929067625552,0.0102801831622285,0.045999054579638,0.0379439575339775,0.0908999973004782,0.0002340480145767,0.0758909085156553,0.0407100547668072,0.0,0.0
C259,C#CCCC1(CCC(=O)NCCN2CCS(=O)CC2)N=N1,1,-1.2939805,1.6010317,0.0,0.0,0.0,0.3205904214590185,0.0163219060369311,0.0,0.0,0.0,0.0,0.0
C260,C#CCCC1(CCNC(=O)CS(=O)(=O)c2ccccc2Cl)N=N1,0,-5.523215,12.870602,0.0,0.3717607214346942,0.2662440107539831,0.0,0.0077951445548756,0.0,0.0393849980097214,0.0,0.0378508246923436,0.0498394912700344
C261,C#CCCC1(CCC(=O)NCC(c2c(F)cccc2F)N(C)C)N=N1,1,7.9182186,-14.361211,0.0,0.0118298400740388,0.6946361319204024,0.0521702094464573,0.0,0.0072604224654451,0.0104970956206521,0.0235540561497981,0.008815631063029,0.0
C262,C#CCCC1(CCNC(=O)c2cc(NC(=O)C(C)C)c(F)cc2F)N=N1,0,-3.880103,-7.0997634,0.0,0.0080564786517881,0.1566262109481299,0.0176657499869814,0.0490231128576962,0.0,0.0223720992875139,0.0002483441986721,0.0496784410538189,0.0
C264,C#CCCC1(CCC(=O)Nc2cccnc2OCc2ccccc2)N=N1,0,-8.5794,-10.517389,0.1212780799709747,0.0,0.0,0.0,0.0,0.0,0.0568223476016254,0.5554967542972145,0.0,0.0187450772076051
C265,C#CCCC1(CCC(=O)N2CCCN(S(=O)(=O)c3ccc(Cl)s3)CC2)N=N1,0,-1.1745868,-8.432495,0.0022241611636493,0.1247638722191228,0.0,0.0,0.0,0.0,0.0,0.0134065853257793,0.2851408934190008,0.0515911372710333
C266,C#CCCC1(CCNC(=O)c2ccc3cnc(C4CC4)n3c2C)N=N1,0,-1.7632765,-7.062038,0.0,0.0,0.0,0.03097317811001,0.023078291647669,0.0079890667529001,0.0,0.0332329775462037,0.1940100773339482,0.055524771962291
C268,C#CCCC1(CCC(=O)N2C[C@@H]3CS(=O)(=O)C[C@@]3(C#N)C2)N=N1,0,-5.2919517,-2.5644336,0.0123855282783245,0.0,0.0,0.0855794284385633,0.0,0.0266887107547714,0.0153368391343239,0.0,0.0,0.0
C269,C#CCCC1(CCNC(=O)c2sc(-c3nnc[nH]3)nc2C(C)C)N=N1,0,-6.771135,-11.526318,0.0,0.0,0.0,0.0,0.0208534699556184,0.0018960460555968,0.0,0.6205466038636213,0.0,0.0
C270,C#CCCC1(CCC(=O)N2CCc3nc(CCC(C)(C)C)ncc3C2)N=N1,0,-2.202682,5.0417123,0.0313795746630238,0.0,0.0075906652951188,0.2829345806304721,0.0,0.0,0.0525696718663364,0.4663188015324989,0.0,0.0
C271,C#CCCC1(CCC(=O)Nc2cc(C3CC3)nn2C2CCS(=O)(=O)C2)N=N1,0,-3.826913,-6.000864,0.092323244211008,0.0,0.0,0.0,0.0243062754924212,0.0024604438589603,0.0,0.0,0.1292988406945449,0.0364660597995824
C272,C#CCCC1(CCNC(=O)c2ccccc2NC(=O)CC#N)N=N1,0,-6.3435106,-5.1597686,0.0038526866901357,0.0398778908220285,0.0,0.0070097785620983,0.0193763942164831,0.048010524738103,0.0181936493611835,0.072300718806488,0.0,0.0122073543217114
C273,C#CCCC1(CCNC(=O)[C@H]2C[C@H]2c2nc(C(F)(F)F)no2)N=N1,0,9.314432,13.857369,0.433937513828565,0.0,0.06541025949341,0.0009636733944438,0.0,0.0,0.1819657957846283,0.0,0.1181969438093873,0.0
C274,C#CCCC1(CCNC(=O)c2cc(=O)[nH]c3nn(CC)c(C4CC4)c23)N=N1,0,14.653404,2.8697617,0.0,0.5445587069793206,0.0,0.0,0.0,0.2683246859273108,0.0,0.0,0.0,0.0
C275,C#CCCC1(CCC(=O)NCCN2c3ccccc3NS2(=O)=O)N=N1,0,-0.019848479,-6.26795,0.0,0.0,0.0,0.0098274758118314,0.0311306091902998,0.0016805329163429,0.0,0.0,0.2494998907818575,0.0029649193826586
C276,C#CCCC1(CCC(=O)NCC2CCCN(CC#N)C2)N=N1,1,1.1496942,-8.051665,0.0,0.0,0.2091880338075619,0.0,0.0,0.0,0.0177325751722062,0.0,0.3408593244981848,0.0
C277,C#CCCC1(CCC(=O)N2CCC34CCC(CC23)C4(C)C)N=N1,0,-9.1767025,-0.26104543,0.0,0.0,0.0,0.003701054371165,0.0,0.000897410213547,0.3435232895674863,0.028952061416145,0.0876972328711428,0.0
C278,C#CCCC1(CCC(=O)Nc2ccc3c(c2)C=CC2(CCC2)O3)N=N1,0,7.2014527,0.92893875,0.0,0.0,0.0,0.0,1.071664438782683,0.0,0.0,0.0,0.0,0.5283455582227536
C279,C#CCCC1(CCC(=O)N2CCC3(CC2)CC(O)c2nn(C)cc2O3)N=N1,0,13.490594,2.0793676,0.0,0.5283670426753392,0.0,0.1312437297560803,0.0037366374298894,0.3483673686874091,0.0,0.4300831757041695,0.0,0.0
C280,C#CCCC1(CCC(=O)N(C)Cc2cnc(-n3cccn3)s2)N=N1,0,-0.48107624,-4.4524117,0.0,0.0869588095083395,0.0310301061990934,0.1607315453571159,0.0,0.0006334855145988,0.0889388271273965,0.0111420125874242,0.2187489355651114,0.0
C281,C#CCCC1(CCNC(=O)C2CN3CC4CC3(CO2)C4)N=N1,1,9.99871,-15.857929,0.001592419263701,0.0,1.1398954469109377,0.0,0.0,0.0,0.0014071143250858,0.0,0.0,0.0786807171988056
C282,C#CCCC1(CCC(=O)NCc2cc(Oc3ccc(F)cc3)ccn2)N=N1,0,-7.8925533,-1.5429957,0.0,0.0051732198395907,0.016174478887836,0.0035716951830336,0.0,0.0,0.0974561019891674,0.0,0.0332778619832645,0.1009212506724667
C283,C#CCCC1(CCC(=O)NCc2nn[nH]c2-c2ccnn2C)N=N1,0,-4.875455,-5.038934,0.0,0.0,0.0115348522936026,0.0110842424431781,0.0423138099584375,0.0415140352612382,0.0,0.0165579623600899,0.024339702656678,0.0
C284,C#CCCC1(CCNC(=O)c2c(-c3ccccc3)nc3sccn23)N=N1,0,-2.1519516,12.8677,0.0,0.4824245607087799,0.0,0.0130162306129426,0.005479422252622,0.0,0.0,0.0897661711071167,0.0448506651090835,0.0
C285,C#CCCC1(CCC(=O)NC2C(=O)Nc3ccc(C(C)C)cc32)N=N1,0,7.5775957,6.238082,0.0,0.0,0.0,0.0,0.2909118625692372,0.0,0.0305019513693604,0.0,0.0501286404459748,1.4000178273152368
C286,C#CCCC1(CCC(=O)N2CCC(C(O)c3cccc(OC)c3)CC2)N=N1,0,-3.2647514,12.079942,0.0,0.5262978497669406,0.0,0.015076633635336,0.0035160234321303,0.0082687307716836,0.0,0.0,0.0,0.0
C287,C#CCCC1(CCC(=O)Nc2cccc3oc(C(F)(F)F)nc23)N=N1,0,-10.686184,2.7951822,0.0,0.0,0.0,0.0,0.0275259837961552,0.0,0.4808276402375149,0.4962759352362507,0.0,0.7632390819885934
C288,C#CCCC1(CCNC(=O)C2C3CC2(c2ccccc2C)CO3)N=N1,0,-2.885757,1.0755451,0.0,0.0,0.0,0.256152529646285,0.0173835182508578,0.0,0.108748411362567,0.0,0.0,0.1517230303070768
C289,C#CCCC1(CCC(=O)Nc2cc(CCc3ccccc3C)n[nH]2)N=N1,0,7.6854596,7.4852133,0.0529327934414817,0.0,0.0,0.0,0.0,0.0,0.0,0.0,0.0898687974873175,1.6132251322706914
C290,C#CCCC1(CCC(=O)NCc2cc(Cl)cc(S(=O)(=O)CC)c2)N=N1,0,1.0921224,-0.38515082,0.0065892506979667,0.0,0.0,0.3251843706305218,0.0,0.0,0.0,0.0,0.2372966466530304,0.0105874397096259
C291,C#CCCC1(CCC(=O)NC2(CCO)CS(=O)(=O)C2)N=N1,0,-2.7896926,-5.918213,0.0,0.0,0.0091565144106416,0.070588614337306,0.0,0.0055721056668928,0.0,0.0,0.1122877047845877,0.0222239744990905
C292,C#CCCC1(CCC(=O)NCc2cccc(N3C(=O)NC4(CCCC4)C3=O)c2)N=N1,0,-2.328358,1.285094,0.0,0.0,0.0,0.3416286463088576,0.0442915622420848,0.0,0.066716530830968,0.0,0.0265604899078941,0.0
C293,C#CCCC1(CCC(=O)N2CCCn3c(cc4ccccc43)C2)N=N1,0,-9.742511,-5.19122,0.0023697938988529,0.0,0.0679846626225866,0.0275525154958597,0.0,0.0,0.1699465624817012,0.0130876479213612,0.0,0.3368072117334926
C294,C#CCCC1(CCC(=O)Nc2cc(C(=O)N3CCN(C)CC3)ccc2OC)N=N1,1,2.2840803,-12.80744,0.0,0.0,0.5923685502795432,0.3541679842158635,0.0434997692702197,0.0,0.0,0.0662807573860886,0.1311465026238066,0.0
C295,C#CCCC1(CCC(=O)N2CCP(=O)(c3ccccc3)CC2)N=N1,0,-4.3251505,12.104284,0.0,0.4916727519379569,0.0179410716112366,0.037838938133104,0.0,0.0,0.0136312818503336,0.0,0.03040259661136,0.0
C296,C#CCCC1(CCNC(=O)c2cc(C)n3ncc(C(C)C)c3n2)N=N1,0,-8.666858,-0.7909704,0.0255581898473001,0.0,0.0,0.0115780019868538,0.0,0.0,0.1952626248745218,0.0150532244210006,0.1443313088577388,0.1719180412474623
C297,C#CCCC1(CCNC(=O)c2cccn2Cc2cccnc2)N=N1,0,0.82283217,2.1022985,0.0,0.0,0.0280775324285674,0.3981088328204989,0.0376470799462547,0.0,0.0352404200434805,0.0,0.0524608765209313,0.0
C298,C#CCCC1(CCC(=O)NC2CCS(=O)(=O)C3(C2)CC(C(N)=O)C3)N=N1,0,-4.278135,-3.4607894,0.0,0.0282527251165487,0.0059934258693699,0.060364587060209,0.0319615911884801,0.0232173501221645,0.0550224540443038,0.0274589401510026,0.0610560195120154,0.0
C299,C#CCCC1(CCNC(=O)Cc2nc(C(C)C)c(C)s2)N=N1,0,9.78769,12.647681,0.6425759706521392,0.0,0.0803496370539541,0.022527615469034,0.0057547041242477,0.0,0.0341418773188556,0.0054179429211823,0.1609236391234088,0.1401927457991033
C300,C#CCCC1(CCNC(=O)Cc2c(Cl)c(CC)nn2C)N=N1,0,-3.8244677,-2.5302389,0.0,0.0088878861834783,0.0315742451573753,0.1345891477694544,0.0,0.0,0.0061246786068977,0.0310602048316261,0.0458317763149457,0.0093286977609911
C301,C#CCCC1(CCC(=O)NC(c2ccn[nH]2)C(F)(F)F)N=N1,0,-1.7945911,4.6582885,5.414009733606597e-05,0.0,0.0,0.3470243984544262,0.0,0.0,0.0,0.3209140797285542,0.0,0.0
C302,C#CCCC1(CCC(=O)N2CCc3nnc(N4C[C@H]5CN(C)C[C@H]5C4)cc3C2)N=N1,1,9.834289,-12.557604,0.0,0.5237986744838723,0.8489008348390221,0.0358431320113067,0.0,0.0,0.0,0.0,0.0,0.0
C303,C#CCCC1(CCC(=O)N2CCn3c(C(=O)NC(C)C)ccc3C2C)N=N1,0,-2.8747668,12.488007,0.0,0.5817302667671286,0.0,0.0360187703084182,0.0,0.0386274073191181,0.0,0.0882924636887537,0.0056751295677652,0.0
C304,C#CCCC1(CCC(=O)Nc2ccc(-c3cn4cccc(C)c4n3)cc2)N=N1,0,-1.6923181,12.718739,0.022259991500578,0.442125097542154,0.0,0.0,0.0623081875383493,0.0,0.0,0.0578305453989563,0.0,0.0
C305,C#CCCC1(CCNC(=O)c2c(CC)nc3ccc(Cl)cn23)N=N1,0,-1.5854605,11.80695,0.0,0.3459585865054068,0.1364243240448172,0.0332252656808992,0.003098747466837,0.0,0.0,0.1457452460731788,0.0,0.0
C306,C#CCCC1(CCC(=O)N2CCC(n3nnc4c(=O)[nH][nH]c(=O)c43)CC2)N=N1,0,-3.4362757,-4.7942653,0.0182383686502143,0.0084249220460628,0.0217779440042189,0.0282230145931513,0.0672441327838467,0.0,0.0145175936439016,0.0482596100976722,0.064089141870384,0.0
C307,C#CCCC1(CCC(=O)N2CCCC(COC(F)(F)F)C2)N=N1,0,-7.443096,-2.6115367,0.0014563167653622,0.0,0.0,0.0176750741815656,0.0,0.0096974587531269,0.1304656134184899,0.0,0.0,0.0
C308,C#CCCC1(CCC(=O)N2CC(CC(N)=O)OC(C)(C)C2)N=N1,0,-7.704044,-9.936036,0.0,0.0,0.0,0.0315068335656024,0.0,0.0330318012245747,0.0,0.5104813696952776,0.0,0.0
C309,C#CCCC1(CCC(=O)N2CC[C@@H]3[C@H](C2)NC(=O)N3CCOC)N=N1,0,-1.5514181,0.030813945,0.0,0.0404503860964702,0.0,0.2637790307449326,0.0,0.0,0.0344921619070801,0.0,0.0047728983654707,0.0
C310,C#CCCC1(CCC(=O)NCc2cc(C(F)(F)F)ccc2N2CCN(C)CC2)N=N1,1,10.356418,-15.684249,0.0404360506276374,0.0,1.1088343991107996,0.0,0.0,0.0,0.0470154908520497,0.0,0.0,0.1121446634551774
C311,C#CCCC1(CCC(=O)N2CCS(=O)(=O)CC2c2ccc(C)o2)N=N1,0,-6.0491753,0.38244006,0.0,0.2188556979975649,0.0,0.0405427798234246,0.0005914623841452,0.1640809106673719,0.0,0.0219115554587699,0.0,0.0289921830706612
C312,C#CCCC1(CCC(=O)NC2CC3CCC(C2)N3S(C)(=O)=O)N=N1,0,-2.775445,-5.976023,0.0021042622461789,0.0,0.0225087181124021,0.0767929204937751,0.0087455604883661,0.0,0.0,0.0216742030745682,0.1213193281177535,0.0115614637726076
C313,C#CCCC1(CCNC(=O)c2nnc(-c3ccccc3OC)[nH]2)N=N1,0,-0.18968661,13.584649,0.0,0.4574529778981567,0.0,0.0,0.0,0.066660793449958,0.0,0.161133254923169,0.1428882102069208,0.0
C314,C#CCCC1(CCNC(=O)c2cc(C3CC3)nc3c(Cl)cnn23)N=N1,0,0.69108033,16.068504,0.5126960420887564,0.4363063474414155,0.1211680671210151,0.0,0.0,0.0,0.0,0.0436308027808324,0.3438514010865722,0.0
C316,C#CCCC1(CCC(=O)NCc2nc([C@H]3CN4CCC[C@H]4CO3)no2)N=N1,1,-3.4828315,-1.7409589,0.0,0.0162694177499627,0.0,0.1453585419422181,0.0,0.0462739731826225,0.0,0.0,0.093390592966323,0.0436838344525979
C317,C#CCCC1(CCNC(=O)c2cc(S(=O)(=O)NC)cs2)N=N1,0,-1.9359516,11.223404,0.0,0.2264327238964021,0.0,0.0088086972229806,0.0,0.0,0.0,0.052544184192487,0.0491606504673619,0.0138332800124838
C318,C#CCCC1(CCNC(=O)c2nc(C3CCN(C)CC3)n[nH]2)N=N1,1,8.138939,-15.538294,0.0,0.0116620709680839,0.8114995633183459,0.1713991317265085,0.0,0.060552967700438,0.0,0.0134816230002786,0.0,0.0
C319,C#CCCC1(CCC(=O)N2CC(c3n[nH]c4c3COCC4)C2)N=N1,0,14.493186,-0.16968048,0.0,0.4970722458695691,0.0,0.4867471376978109,0.0,0.3710872590191313,0.0,0.0,0.0,0.0
C320,C#CCCC1(CCNC(=O)c2cc(C)n(-c3ncccn3)c2C)N=N1,0,-2.4066427,-5.3645453,0.0,0.0,0.0036660400886475,0.1226796775028025,0.0186743565173704,0.0022601466953428,0.0,0.0055704381803906,0.1199513298181788,0.0
C321,C#CCCC1(CCC(=O)NCC(O)(c2ncc(C)o2)C(F)(F)F)N=N1,0,-7.34876,-7.8023705,0.0,0.0104877005459999,0.0,0.0083656524037912,0.0337120597675353,0.0,0.0373958813587575,0.2182535841914433,0.0,0.0
C322,C#CCCC1(CCNC(=O)C2CN(C(=O)Nc3cc(Cl)ccc3OC)C2)N=N1,0,-3.7826443,15.78396,0.0033039708094171,0.4607160154018689,0.0,0.171717534955975,0.0,0.0,0.0,0.0,0.2490588324063811,0.0
C323,C#CCCC1(CCC(=O)NC2(C(N)=O)CC(C(F)F)C2)N=N1,0,-6.0914655,0.21688153,0.0,0.1947790141121537,0.0,0.0396787697862223,0.0030428364708191,0.0906658335745013,0.0,0.0,0.0070226275372563,0.0
C326,C#CCCC1(CCNC(=O)c2c(-c3cn(C)nn3)noc2C(F)F)N=N1,0,-5.256402,-7.29471,0.0,0.0583713371352179,0.0402402363762057,0.0595423465745265,0.0,0.0,0.029203099002467,0.0591203487653632,0.0719437866020098,0.0001712896473107
C327,C#CCCC1(CCNC(=O)C(C)N2C(=O)C3CC=CCC3C2=O)N=N1,0,-0.32991937,1.0781146,0.0157258817826409,0.0,0.0632807992017043,0.3253504257837066,0.0,0.0,0.0,0.0,0.0242596242639631,0.0
C328,C#CCCC1(CCNC(=O)c2cc(C)nc3onc(-c4c(C)nn(C)c4C)c23)N=N1,0,-5.585072,-0.5316083,0.0049174040534891,0.1313559274747197,0.0,0.1020017484497357,0.0,0.0871411418800287,0.0,0.0,0.0,0.0
C329,C#CCCC1(CCC(=O)N2CCCC(c3[nH]ncc3CN3CCOCC3)C2)N=N1,1,0.82981575,-11.9093,0.0,0.1450061488443091,0.379501349190894,0.3866000102886185,0.0,0.010973153875511,0.0,0.0,0.3637891466789684,0.0
C331,C#CCCC1(CCC(=O)N2CCN(C3(C(N)=O)CCOC3)CC2)N=N1,1,-4.339211,-1.4413741,0.0136441727460301,0.0022439565915878,0.0005055979234895,0.1889837657849287,0.0307918225887618,0.0172337787960857,0.0173125451102432,0.0,0.0167900124504342,0.0
C332,C#CCCC1(CCC(=O)N[C@H]2CCCC[C@H]2Cc2nn(C)c(=O)n2C)N=N1,0,-0.6145926,3.03129,0.0,0.0,0.0,0.4767405137033887,0.0,0.0,0.0,0.0,0.0,0.0
C333,C#CCCC1(CCC(=O)NC(C)c2ccc(N3CC(C)CS3(=O)=O)cc2)N=N1,0,12.822149,1.1277491,0.0,0.4289307072819264,0.0,0.3750484219901105,0.0,0.2414417999957291,0.0,0.3435542593589323,0.0,0.0
C334,C#CCCC1(CCC(=O)NC2CC(N(C)C)C23CCC3)N=N1,1,7.238378,-13.440187,0.0083493151798256,0.0,0.4853061621577039,0.0,0.0122400358959144,0.0,0.0,0.0,0.0,0.0
C335,C#CCCC1(CCNC(=O)c2cc(S(=O)(=O)CC)c[nH]c2=O)N=N1,0,-5.4693074,-5.844331,0.0161245948714441,0.0,0.0,0.0025465563085008,0.1419849007422054,0.0375676371406123,0.0,0.0296032846838444,0.0,0.0
C336,C#CCCC1(CCC(=O)N2CCCC(O)(CN(C)C)C2)N=N1,1,7.506163,-13.555165,0.0148525520861708,0.0,0.5169957843458203,0.0,0.0,0.0,0.0,0.0,0.0,0.0
C337,C#CCCC1(CCC(=O)N2CCC(C#N)(CCC=C)CC2)N=N1,0,-5.0861645,12.466091,0.0,0.4371950554279538,0.0,0.0,0.0,0.0,0.0975146842085186,0.0,0.032264317845187,0.0
C338,C#CCCC1(CCNC(=O)c2cccc(-c3cnc4[nH]c(=O)n(C)c4c3)c2)N=N1,0,6.175955,3.2931898,0.0,0.5261747178207713,0.0,0.0,0.9379535952759532,0.0991468741235427,0.0,0.0919609350623367,0.2629272601665507,0.0
C339,C#CCCC1(CCNC(=O)c2cc(-c3cc(F)ccc3F)on2)N=N1,0,8.336029,13.831507,0.3957563985965428,0.0,0.1112946131952227,0.0242236273350014,0.0179125143940347,0.0067524657173562,0.2602983788621887,0.0401279430530693,0.0,0.0
C340,C#CCCC1(CCC(=O)N2CCN(C(C)c3nc(C(C)C)no3)CC2)N=N1,1,-2.8115444,14.041527,0.0,0.4438854020314852,0.0333395636859478,0.0044070508565381,0.020776737427541,0.0,0.0,0.2968609687871065,0.217671485123488,0.0
C342,C#CCCC1(CCC(=O)N2CCC(S(=O)(=O)c3ccc(F)cc3)C2)N=N1,0,-4.994204,15.228609,0.0,0.3509412805121291,0.0,0.0345517649483246,0.0,0.0,0.0215839062468151,0.0,0.3380651325875525,0.0
C343,C#CCCC1(CCC(=O)N2CCOC3(C2)C2CC4CC(C2)CC3C4)N=N1,0,-9.911768,-6.2491894,0.0569196229164226,0.0,0.0368635071963744,0.0,0.0098929116258719,0.0,0.1830734916328712,0.1058535932341766,0.080507070783403,0.2175437658604354
C344,C#CCCC1(CCC(=O)N2CCCCCCNC(=O)C3CCCC32)N=N1,0,16.154484,2.269037,0.0,0.5467781757431409,0.0059586771424178,0.111323904356967,0.0026228048073501,0.4296849758537334,0.0,0.0,0.2316838816044619,0.0
C345,C#CCCC1(CCC(=O)N2CC(c3nc(O)cc(O)n3)C2)N=N1,0,6.958471,0.038052447,0.0,0.0,0.0,0.0,0.930018643249898,0.0,0.0,0.0,0.0,0.0
C346,C#CCCC1(CCNC(=O)c2cccn3c(CC(C)C)nnc23)N=N1,0,13.29956,3.6932845,0.0,0.5779918283716557,0.317978954531573,0.0,0.0607792498909859,0.2983351381353865,0.0,0.1610698287444745,0.0,0.0
C347,C#CCCC1(CCNC(=O)Cc2sc(-c3ccn[nH]3)nc2C)N=N1,0,15.351773,3.3149922,0.0,0.5313433168734208,0.0,0.0,0.0395857011803209,0.297964661386039,0.0,0.0,0.1447994646461593,0.0
C348,C#CCCC1(CCNC(=O)c2cnn(-c3nc(CC)cs3)c2)N=N1,0,-3.6486797,14.45319,0.0795447147347409,0.4396127931399947,0.0,0.0,0.0,0.0,0.0174976654636417,0.0,0.2432868136795582,0.0608341983790468
C349,C#CCCC1(CCC(=O)NCc2cn(-c3ccccc3)nc2C(C)C)N=N1,0,8.629706,11.465891,0.493555731494556,0.0,0.0378517506603488,0.0,0.3185504275793344,0.0,0.0,0.1061567607164487,0.0,0.3007044002325377
C350,C#CCCC1(CCNC(=O)[C@@H]2C[C@]23CCOc2ccc(Cl)cc23)N=N1,0,8.972455,12.742357,0.6588834606328929,0.0,0.0194004045177282,0.0,0.0,0.0019826838152929,0.2567242625556672,0.0,0.0,0.0574857041129947
C351,C#CCCC1(CCC(=O)NC(C)Cc2ccc(S(N)(=O)=O)cc2)N=N1,0,16.180748,3.7545679,0.0,0.5025428386483937,0.0,0.0077764261976782,0.0089442445861123,0.3145064711139697,0.0,0.0,0.3549893313790918,0.0
C352,C#CCCC1(CCC(=O)NCc2csc(CNC(C)=O)n2)N=N1,0,0.4542941,-6.9511285,0.0,0.0965551800885061,0.0,0.003632538269487,0.0,0.0371123374260676,0.0,0.0,0.3347614502666574,0.0
C353,C#CCCC1(CCNC(=O)Cc2nc3nccc(-c4ccc(F)cc4)n3n2)N=N1,0,15.558672,3.294346,0.0,0.5151861610547569,0.0,0.0,0.0,0.2603245717777939,0.0,0.0,0.1711697997030526,0.0
C354,C#CCCC1(CCNC(=O)c2cc(OC)nn2-c2ncccc2Cl)N=N1,0,-5.984567,13.507535,0.0191200840225253,0.3541523518063741,0.2890212368267421,0.0011641184728459,0.0,0.0092600759251955,0.0176120258084514,0.0,0.2166639475988532,0.0
C355,C#CCCC1(CCNC(=O)c2cnc3ccc(OC)cc3c2C(F)(F)F)N=N1,0,5.7998843,2.3685887,0.0006656014015473,0.4518352244131898,0.094492030550492,0.0,0.8030337276465735,0.0,0.1449115460478085,0.0221633641368173,0.0,0.0
C356,C#CCCC1(CCC(=O)N[C@@H]2C[C@H]2c2ccccc2OC(F)F)N=N1,0,5.8806124,0.7581577,0.0,0.0,0.0481736856606579,0.0,0.7326544009797784,0.0,0.1154380603760922,0.0,0.265505431057275,0.0
C357,C#CCCC1(CCC(=O)NC2(Cc3ccc(F)c(C)c3)CC2)N=N1,0,-10.604329,0.81159234,0.0,0.0,0.0491531064391177,0.001714769809579,0.242083794269684,0.0,0.4396895939585467,0.0,0.0,0.0
C358,C#CCCC1(CCC(=O)N2CCS(=O)C(CC)(CC)C2)N=N1,0,6.151192,1.7537102,0.0,0.2437968947015309,0.0769542695874959,0.007252889433668,0.9675197802984736,0.0103923867199718,0.0,0.0,0.0,0.0
C359,C#CCCC1(CCC(=O)N2CCC3(CC2)OCc2ccncc23)N=N1,0,-3.9014711,12.797392,0.0044322410176921,0.5467915369446013,0.1471475606089598,0.0293319338090352,0.0434543690815633,0.0,0.0,0.0,0.0,0.0
C360,C#CCCC1(CCC(=O)NCC2CCCC(C(F)(F)F)O2)N=N1,0,-7.131961,-3.4646645,0.0,0.0,0.0002222817281416,0.018152512160306,0.1356911328651206,0.0063585984842723,0.0739862747864423,0.0,0.0,0.0
C361,C#CCCC1(CCNC(=O)c2csc3cncn23)N=N1,0,14.190611,3.0385933,0.0,0.6011469304078504,0.0,0.0,0.0950997105820681,0.2335838033577367,0.0,0.0,0.0,0.0
C362,C#CCCC1(CCNC(=O)c2nc(-c3ccccc3)oc2C2CC2)N=N1,0,8.301916,8.388781,0.1124613498998372,0.0,0.0613778060770679,0.0,0.0920273164443013,0.0058930902978315,0.0,0.0291554187100318,0.0,1.3326089181710603
C363,C#CCCC1(CCNC(=O)c2nc(C(F)(F)F)n3ccccc23)N=N1,0,-8.071989,-11.683637,0.0169268348234651,0.0019058834641452,0.202186019395429,0.0,0.0,0.0,0.0,0.5916050780134852,0.0,0.0695553918973023
C364,C#CCCC1(CCNC(=O)c2csc3cc(Cl)cnc23)N=N1,0,-8.935294,-6.0380473,0.0,0.0244418365549863,0.0316551720020909,0.0325302645881272,0.0094029629287422,0.0245434326117157,0.039038758955055,0.1188201710722672,0.0,0.2268169194636375
C365,C#CCCC1(CCC(=O)N2CC(N3CC(c4nc(C5CC5)no4)CC3=O)C2)N=N1,0,7.372992,-0.8168443,0.0,0.0,0.0,0.1304511821706221,0.6453842378402763,0.0,0.1532549658044291,0.0,0.0386771941121725,0.3846517417640973
C366,C#CCCC1(CCC(=O)NC(CO)c2cc(F)c(F)c(F)c2)N=N1,0,8.334885,9.685602,0.2223807692721822,0.0,0.0260586598202088,0.0,0.0596081349374636,0.0180593529180432,0.0,0.0,0.0,1.0557372816058197
C367,C#CCCC1(CCNC(=O)Cn2c(C)nc3cc(F)c(F)cc32)N=N1,0,7.069988,-0.2675421,0.0,0.0,0.0,0.0147611484375971,0.6773656404661318,0.0,0.0783479126650086,0.0,0.0162115753693358,0.3547728557765623
C368,C#CCCC1(CCC(=O)NC[C@H]2C[C@@H](OC)CN2c2cc(C)ncn2)N=N1,0,-10.080793,-3.0776403,0.0,0.0125933783994909,0.0,0.0207172096418254,0.0947342176987807,0.0,0.1069395139341604,0.0,0.0529403463898877,0.0533336028370107
C369,C#CCCC1(CCNC(=O)[C@H]2CN(C(C)(C)C)C[C@@H]2C(F)(F)F)N=N1,1,2.4986565,-12.889283,0.030440028697329,0.0,0.536550431264197,0.3353676589966594,0.0142524453240405,0.0,0.0585216875620525,0.0,0.0,0.0
C370,C#CCCC1(CCNC(=O)CC(C)c2ccncc2)N=N1,0,-0.1832258,2.1786115,0.0026359079889326,0.0,0.0,0.4173630121788698,0.021353429768777,0.0,0.0,0.0,0.0213940354787503,0.0
C371,C#CCCC1(CCNC(=O)C23CCN(CC2)S(=O)(=O)C3)N=N1,0,-3.3675027,-7.665154,0.0,1.655346427680374e-05,0.0364861957987834,0.0142156250540353,0.0994538358407879,0.0,0.0,0.0647529502994286,0.1003315023326287,0.0
C373,C#CCCC1(CCNC(=O)c2cccc3c2C(C)(C)C(C)=N3)N=N1,0,9.975939,13.14389,0.4564506804725671,0.0,0.0530205439241301,0.0121530423242466,0.0,0.0,0.0,0.0,0.0017698033246904,0.0
C374,C#CCCC1(CCC(=O)N2CCc3ccc(C#N)nc3CC2)N=N1,0,-4.1403213,11.305466,0.0,0.5802516910972898,0.0278810964580495,0.0841267791140824,0.0,0.0651213107630388,0.0045207558046361,0.0,0.0136182309578156,0.0
C375,C#CCCC1(CCC(=O)N2C[C@H]3[C@](C(F)(F)F)(CCS3(=O)=O)C2)N=N1,0,-0.39725676,1.7893378,0.0121752681682932,0.0,0.0,0.3879070696445628,0.0063415074672571,0.0,0.0,0.0,0.0214645797117102,0.0030330895180116
C376,C#CCCC1(CCC(=O)N2CC(C(F)(F)F)CCC23CC3)N=N1,0,-0.7848048,-8.31891,0.0145346896626539,0.0,0.0215321286785037,0.0,0.0,0.0,0.0566691574012904,0.0353896770612803,0.3057346641589203,0.0
C378,C#CCCC1(CCNC(=O)c2ncnn3cccc23)N=N1,0,-0.3776696,10.5924225,0.0112965977162589,0.3168356668082285,0.1606073550987915,0.0022835431352295,0.0,0.0,0.0009133024836971,0.4485884779798785,0.0,0.0
C379,C#CCCC1(CCNC(=O)C2CCN(S(=O)(=O)c3cnn(CC)c3)CC2)N=N1,0,-4.1255465,12.042229,0.0,0.4474330611963771,0.0,0.0847776043071276,0.0,0.0,0.0,0.0,0.0450173346301785,0.0
C380,C#CCCC1(CCC(=O)NCc2cccc3nsnc23)N=N1,0,-2.700639,11.831596,0.002598418248163,0.3731956647535843,0.0,0.0013964865092906,0.0,0.0,0.0140345460007829,0.0083015347921233,0.0,0.052025564427771
C381,C#CCCC1(CCC(=O)N2CC(OC)(c3cnnn3C)C2)N=N1,0,-3.6373825,11.551401,0.0,0.4189551651237618,0.0,0.0202201777858234,0.0,0.0,0.0325403938272685,0.0,0.0380330329379436,0.0
C382,C#CCCC1(CCC(=O)Nc2cccc(OCc3cscn3)c2)N=N1,0,5.3631577,3.1528463,0.0,0.3058151550673081,0.0,0.0,0.5888677380683229,0.0,0.0,0.4572492682284847,0.0316798089522171,0.0303545570918107
C383,C#CCCC1(CCC(=O)Nc2cc3c(cc2N2CCCCC2)n(C)c(=O)n3C)N=N1,0,-2.5545344,12.451608,0.0,0.4287554085418327,0.0495062454034921,0.0,0.0299334180616316,0.0,0.0,0.0130767375882504,0.0066833044776608,0.0331119024924422
C384,C#CCCC1(CCC(=O)Nc2ccc(N3N=C(COC)CC3=O)nc2)N=N1,0,6.6260796,-1.354874,0.002193334838378,0.0,0.0485399556856182,0.0,0.8400160470755135,0.0,0.2911315583279593,0.0,0.108996407986807,0.0
C385,C#CCCC1(CCC(=O)N2CCC3(CCOCC3)C23CC3)N=N1,0,0.209848,3.4243176,0.0036432547225301,0.0618512639772706,0.0971455185140089,0.4763241718029469,0.0,0.0109009265148062,0.0,0.1493177949938444,0.0720719732419189,0.0
C386,C#CCCC1(CCC(=O)N2CCCC3CCC(F)(F)CC32)N=N1,0,-0.106927685,-7.9671273,0.0,0.0274444618979742,0.0,0.1352759117953152,0.0,0.014003310792471,0.073305620812742,0.0,0.3208839981290497,0.0
C387,C#CCCC1(CCC(=O)N2CC3(CCC3)OC3(CCC3)C2)N=N1,0,0.37194398,2.7259693,0.0,0.0,0.0,0.5329113159208669,0.0,0.0,0.0016043495427558,0.0,0.0458093649634867,0.0
C388,C#CCCC1(CCNC(=O)c2c[nH]cc2-c2ccc(Cl)s2)N=N1,0,8.463299,7.8327823,0.1918741965490353,0.0,0.0089019478603519,0.0,0.0789517990179634,0.0,0.0,5.057956951255606e-05,0.0,1.2068919887564826
C389,C#CCCC1(CCNC(=O)c2cn3ccnc3s2)N=N1,0,-1.4336845,8.903231,0.0003977976631335,0.4393850568641327,0.0,0.3626422979527081,0.0,0.0,0.0374375330752702,0.0943078752063864,0.0,0.0
C390,C#CCCC1(CCNC(=O)c2ncoc2-c2ccc(C)cc2)N=N1,0,-11.263991,3.6020641,0.0,0.0,0.123147794580096,0.0,0.5539683732189338,0.0,0.2708961125650724,0.5889285631979786,0.1369889521848082,0.3059388535884179
C391,C#CCCC1(CCNC(=O)c2csc(-c3cn[nH]c3)c2)N=N1,0,13.104861,4.3922777,0.0,0.5277537775594867,0.0,0.0,0.0633475991787647,0.268882396134296,0.0,0.30460590092999,0.0,0.0
C392,C#CCCC1(CCNC(=O)c2ccccc2N(C)C(=O)c2scnc2C)N=N1,0,-1.854094,1.0257877,0.0022367736288688,0.1412409347862868,0.0150077767423049,0.3375119749835562,0.0,0.0,0.0349400335783355,0.0,0.0,0.0120516312580724
C393,C#CCCC1(CCNC(=O)CN2CCCC3(CC3)S2(=O)=O)N=N1,0,-0.8742827,12.237926,0.0,0.294374894984083,0.1011386111316074,0.0,0.133652645012077,0.0,0.0,0.0907894534677023,0.0337080113094924,0.0023964503020488
C394,C#CCCC1(CCNC(=O)c2c3c(nn2C)CCS(=O)(=O)C3)N=N1,0,-3.2180276,11.349084,0.0,0.4269454440030732,0.0,0.0494282117869049,0.0,0.0245971685435726,0.0,0.0,0.0,0.0
C395,C#CCCC1(CCC(=O)NC(C)Cn2cnc3c(cnn3C)c2=O)N=N1,0,-3.3696818,12.381825,0.0,0.3847179154876163,0.0,0.0491528335296068,0.015487585592974,0.0,0.0,0.0048134202237368,0.0452962846726375,0.0
C396,C#CCCC1(CCNC(=O)c2ccccc2Cc2ncn[nH]2)N=N1,0,-2.2138321,-4.1762276,0.0,0.0252219979681217,0.0023703005129459,0.033834662034873,0.0673928480815332,0.0097899125861016,0.0427071808280838,0.0205729489288722,0.0745563943173978,0.0
C397,C#CCCC1(CCC(=O)Nc2ccc3nnc(-c4ccc(F)cc4)n3c2)N=N1,0,-5.662355,-11.902938,0.0,0.0,0.0,0.0,0.0695556524196472,0.0053939546816569,0.0,0.4017547439281456,0.2319439895009631,0.0018785634102224
C398,C#CCCC1(CCC(=O)Nc2ccc(F)c(NC(=O)Cn3cncn3)c2)N=N1,0,0.7343278,-7.0847106,0.0,0.0009120774649278,0.0,0.0014354752370177,0.0595581997864477,0.0,0.0,0.0562777272398401,0.404930242543496,0.0
C399,C#CCCC1(CCNC(=O)c2snnc2-c2ccccc2C)N=N1,0,-7.694583,-5.9556828,0.0,0.0,0.0590214360466291,0.1133921865652744,0.0,0.0,0.0527866166125351,0.0302316602689571,0.0008130269785111,0.09277569738753
C400,C#CCCC1(CCNC(=O)c2c[nH]c(C(C)(C)C)n2)N=N1,0,-6.85306,-11.3301735,0.0,0.0,0.0,0.0,0.0,0.0,0.0,0.6266842001561148,0.0822304718493166,0.0
C401,C#CCCC1(CCC(=O)N2CCS(=O)(=NS(C)(=O)=O)CC2)N=N1,0,-5.783757,-5.297536,0.0,0.0,0.0,0.0917788450043832,0.0861025009640706,0.0005323955561363,0.0,0.0683745996939213,0.0555642655660045,0.0
C402,C#CCCC1(CCNC(=O)C(C)c2ncccc2F)N=N1,0,-5.351198,-3.928613,0.0,0.0,0.0,0.0038494179044119,0.0470571448443601,0.0132148767222017,0.0566075116714296,0.0210454295852702,0.0089358068520191,0.0745114839059276
C403,C#CCCC1(CCNC(=O)c2ccc(S(=O)(=O)c3ccccc3)s2)N=N1,0,-10.946949,-5.1812005,0.0,0.0,0.0,0.0,0.2747864911296659,0.0,0.1715307643798206,0.1791916720239562,0.0,0.3543681696246314
C404,C#CCCC1(CCC(=O)NC(CC)c2nc(C)n[nH]2)N=N1,0,-2.8669403,-5.269668,0.0,0.0042332479472352,0.0,0.0541394624764953,0.0110250015585888,0.0116968874412859,0.023999431447961,0.034089776153606,0.0922780257318874,0.0
C405,C#CCCC1(CCNC(=O)C(C)Cc2ccc3c(c2)OCO3)N=N1,0,-3.6704595,-6.7867374,0.0312269729541333,0.0,0.0839680136368207,0.0242644262137717,0.0040955954566926,0.0135188492951223,0.029085212903522,0.0166287935044502,0.0586721448653705,0.0
C406,C#CCCC1(CCNC(=O)c2ccc(-c3noc(=O)[nH]3)cc2)N=N1,0,-4.2654247,-5.1566973,0.0328471374689356,0.0,0.0214265162894467,0.0022328797126794,0.0254611877648853,0.0203931306707089,0.109786929785921,0.0111923884988432,0.0418024825953735,0.0
C407,C#CCCC1(CCC(=O)Nc2ccc(C34CC5CC(CC(O)(C5)C3)C4)cc2)N=N1,0,8.64801,7.6748447,0.2508231669180488,0.0266555548749502,0.0,0.0,0.2449396618970043,0.0,0.07563166687064,0.0798713392954486,0.011764096757297,0.7721814954247086
C408,C#CCCC1(CCNC(=O)C2CCN(c3ccc(C)cc3)C2=O)N=N1,0,-5.78667,-3.5706522,0.0,0.0,0.0820134805860935,0.0552951994074105,0.0733710527646187,0.0103257541469963,0.0069125956279947,0.0,0.0,0.0
C409,C#CCCC1(CCC(=O)N2CCC3(CC2)C(C)=Nc2ccccc23)N=N1,0,15.968774,1.0966842,0.0,0.3070970109068819,0.0,0.0033582189174513,0.0,0.3778443578717443,0.014463849336179,0.0,0.0,0.0
C410,C#CCCC1(CCNC(=O)c2cccc(N=S3(=O)CCCC3)c2)N=N1,0,-2.0672836,2.1573858,0.0,0.0250964289109685,0.0,0.402654860753015,0.0,0.0631216656183182,0.0347899424647018,0.0,0.0113666154757766,0.0
C411,C#CCCC1(CCC(=O)NCc2cnn(CCO)c2)N=N1,0,-5.209459,-3.1462412,0.0156876759590686,0.0,0.0326139952657243,0.0885951143077854,0.0,0.0267501480864411,0.0,0.0192845302876927,0.0043505220547729,0.008941929976024
C412,C#CCCC1(CCNC(=O)C(C)(C)Cc2cnn[nH]2)N=N1,0,-7.471821,-10.308065,0.0,0.0,0.0,0.02329785596469,0.0,0.0,0.0,0.4362290325135808,0.0,0.0037125472747206
C413,C#CCCC1(CCNC(=O)c2cc3cccc(OC(F)F)c3o2)N=N1,0,-7.9629436,-9.811562,0.0,0.0,0.0,0.0016267886489446,0.0,0.0096733662125515,0.0095221688778813,0.4989342606448489,0.0,0.0
C414,C#CCCC1(CCC(=O)N2CCC3(CC2)CCC(F)(F)C3)N=N1,0,-3.4076593,-0.77544177,0.0,0.0317101278225163,0.0147665999710662,0.1844250720064961,0.0,0.0,0.0,0.0590789743226772,0.0,0.0
C415,C#CCCC1(CCC(=O)NCc2ncc(OC)c(O)n2)N=N1,0,-4.8213263,-4.952675,0.013493511997499,0.0,0.0215954131042267,0.0286678048911105,0.007851223688146,0.0603205525928618,0.0341673112711839,0.0,0.0326372560074978,0.0
C416,C#CCCC1(CCNC(=O)c2ccoc2C2(O)CCOCC2)N=N1,0,-1.0721931,2.6260827,0.0,0.0,0.0950302788352016,0.366866224985568,0.0247911568674776,0.0021306349065928,0.0,0.0095209602869788,0.0,0.0
C417,C#CCCC1(CCNC(=O)Cn2[nH]c(=O)c3ccccc3c2=O)N=N1,0,16.615784,3.632999,0.0,0.4941557092104708,0.0,0.1352535674092686,0.0,0.3356757248010308,0.0,0.0625113532500391,0.3479924373256712,0.0
C418,C#CCCC1(CCC(=O)Nc2cn(CC(F)F)nc2OC)N=N1,0,-1.3096194,-10.951621,0.0,0.0094586622754174,0.2049471584199607,0.0912007563021914,0.0,0.0,0.0,0.2732828306944344,0.2353245621173437,0.0
C419,C#CCCC1(CCNC(=O)Cc2cc(Cl)cc3c2OCC3)N=N1,0,0.65670854,-5.7282667,0.0,0.0079343331535416,0.0417758502399279,0.0866694375386784,0.0,0.0,0.0,0.0069703055212831,0.2797753715303581,0.0
C420,C#CCCC1(CCNC(=O)c2sc3ncccc3c2Cl)N=N1,0,-2.6474783,13.91377,0.0,0.4952026692059348,0.0983844627300319,0.1004726918983266,0.0,0.0027199177692567,0.0,0.1818057885845959,0.188610848849206,0.0
C421,C#CCCC1(CCNC(=O)c2nc(OC(C)C)ccc2Cl)N=N1,0,-7.515807,-9.14131,0.014502754700003,0.0,0.0,0.0169491489625674,0.0,0.0106382655432352,0.0,0.3493152437811594,0.0147178227215644,0.0278523917327369
C422,C#CCCC1(CCC(=O)NC2CC3CCC2(C(F)(F)F)C3)N=N1,0,-4.5963955,-4.016267,0.0149084455053257,0.0,0.0213104528026311,0.0484967306499586,0.0401959843288931,0.0056354880874454,0.0222893081864241,0.0196609629365497,0.0635921183573038,0.0995220283177827
C423,C#CCCC1(CCC(=O)NCC(=O)N2CCN(c3ccc(Cl)cc3)CC2)N=N1,0,8.638958,14.159583,0.3180557172481589,0.0,0.0143461207388784,0.0249159744375504,0.1617103785005609,0.0,0.2346790224301787,0.0,0.1192293147003629,0.0
C424,C#CCCC1(CCC(=O)Nc2ccc(F)c(N3CCS(=O)(=O)CC3)c2)N=N1,0,-5.199234,-9.508337,0.0,0.0,0.0185494613442962,0.0,0.0689802409095099,0.0,0.0,0.3404420182021222,0.1969518001802834,0.0
C425,C#CCCC1(CCNC(=O)COC2CCN(C)CC2)N=N1,1,8.409605,-14.4498625,0.0,0.0,0.7147083823160768,0.0,0.0,0.0,0.0,0.0,0.0,0.0
C426,C#CCCC1(CCNC(=O)c2ccc3c(c2)C(=O)N(c2ccc(F)cc2)C3=O)N=N1,0,-10.393725,-1.7381902,0.0506049003626912,0.0,0.0,0.0,0.0452368145727801,0.0,0.2345533999327148,0.0,0.0,0.0
C427,C#CCCC1(CCC(=O)NC2CCc3n[nH]c(=O)cc3C2)N=N1,0,15.052556,2.3080075,0.0,0.5334903464567669,0.0,0.0,0.0150737007503717,0.3438400210710213,0.0,0.0,0.0,0.0
C428,C#CCCC1(CCC(=O)N2CCCC(C#N)(c3ccccn3)C2)N=N1,0,16.95779,3.4847429,0.0,0.5054613995737168,0.1345079121858615,0.179751342927133,0.0,0.2624887711804703,0.0,0.1040238582451912,0.2808252399122127,0.0
C429,C#CCCC1(CCC(=O)NC(C)c2ccc(-c3csc(C)n3)cc2)N=N1,0,-6.719247,-6.3982334,0.0,0.0056159380325588,0.0981653997405599,0.0029455049108748,0.1113273030434164,0.0,0.0728796043526211,0.0057106491312118,0.0499574187255872,0.007197666858451
C430,C#CCCC1(CCNC(=O)c2cn(-c3cccnc3)nc2C2CCOCC2)N=N1,0,-1.665894,13.695355,0.0,0.568960742600747,0.0,0.0,0.1011235486204554,0.0781792692830327,0.0054569863682079,0.0,0.1388522181459104,0.0
C431,C#CCCC1(CCC(=O)N2CCCC2c2c(OC)n(C)c3ccccc23)N=N1,0,-0.18732151,-2.915472,0.0,0.0,0.0,0.0,0.1341706128731489,0.0,0.1876579756223241,0.0,0.2312480517748388,0.0659111746981367
C432,C#CCCC1(CCNC(=O)c2cc(=O)[nH]c(C3CCOCC3)n2)N=N1,0,-4.537909,14.915558,0.0,0.3613035431099755,0.0,0.0581457853964152,0.017864895183294,0.0,0.0,0.0,0.2654852441899528,0.0
C433,C#CCCC1(CCNC(=O)c2cc(OC)c3c(c2)OCCO3)N=N1,0,-0.18254767,13.626844,0.0,0.4371992268216421,0.0395477739209283,0.0,0.0,0.030013355433637,0.0,0.1877788492674944,0.2325027976203555,0.0
